37851294,FBIS4-25719,0.11
37851294,FBIS4-45625,0.93
37851294,FR941026-2-00037,0.93
37851294,LA050489-0010,0.93
37851294,FR940419-1-00035,0.95
37851294,FR940407-2-00084,0.8
37851294,FT921-6003,0.98
37851294,FT941-15415,0.98
20076528,FR940407-2-00084,0.0
20076528,FT921-6003,1.0
20076528,FT932-9729,0.02
20076528,FR940804-1-00051,0.0
20076528,LA071989-0024,0.99
20076528,FR941104-1-00045,1.0
20076528,FR940328-1-00056,0.21
20076528,FBIS3-26515,1.0
41556718,FR940203-0-00069,0.02
41556718,FBIS4-61857,0.0
41556718,FR940418-1-00038,0.0
41556718,FT921-6003,0.88
41556718,FR940407-2-00084,0.0
41556718,FBIS3-4051,0.71
41556718,FBIS3-36047,0.04
36077586,LA071590-0042,0.6
36077586,FBIS3-4463,1.0
36077586,FT921-6003,1.0
36077586,FBIS3-35786,0.0
36077586,FR940407-2-00084,0.5
36077586,FBIS4-68402,0.3
36077586,FR940720-1-00047,0.2
36077586,FR940810-2-00084,0.1
42600437,FR940404-2-00188,0.01
42600437,FT921-6003,0.86
42600437,FBIS3-60342,0.12
42600437,FR941013-0-00032,0.0
42600437,FR940407-2-00084,0.1
42600437,FR940119-1-00055,0.79
42600437,FR940124-2-00026,0.19
33098112,FR940407-2-00084,0.06
33098112,FBIS4-20504,0.02
33098112,LA012389-0086,0.07
33098112,FR940414-2-00005,0.17
33098112,LA021190-0107,0.06
33098112,FT921-6003,0.9
33098112,FT941-5453,0.41
33098112,FT934-17003,0.19
41012070,FBIS3-60235,0.84
41012070,FT921-6003,0.49
41012070,FBIS3-41458,0.91
41012070,FR940816-1-00064,0.85
41012070,FT921-9483,0.07
41012070,FR940407-2-00084,0.43
41012070,FT943-8480,0.96
36201092,FR940119-1-00019,0.0
36201092,FBIS3-23561,0.0
36201092,FBIS4-40948,0.0
36201092,FR940407-2-00084,0.0
36201092,FT921-6003,0.88
36201092,LA010190-0024,0.0
36201092,FR940722-2-00011,0.0
36201092,FR940526-0-00051,0.0
37167937,FR940407-2-00084,0.0
37167937,FR940513-2-00135,0.0
37167937,FR940304-1-00061,0.03
37167937,LA030689-0010,0.88
37167937,LA060489-0148,0.54
37167937,FT921-6003,0.88
37167937,FR940927-0-00113,0.55
37167937,FT941-2746,0.89
30815991,LA041990-0069,0.09
30815991,FT921-6003,0.9
30815991,FR940407-2-00084,0.1
30815991,FR940902-1-00085,0.09
30815991,FR941207-0-00114,0.1
30815991,LA122390-0061,0.1
30815991,LA051389-0024,0.09
27380122,LA112890-0007,0.92
27380122,FBIS4-66382,0.0
27380122,FR940407-2-00084,0.03
27380122,LA012589-0100,0.7
27380122,FT921-6003,0.73
27380122,FBIS3-26834,0.1
27380122,FR940328-1-00016,0.17
27380122,FR940124-2-00024,0.18
31680607,FR940407-2-00084,0.27
31680607,LA050989-0070,0.2
31680607,FR940719-1-00028,0.2
31680607,FBIS3-40450,0.06
31680607,LA032289-0086,0.15
31680607,FT921-6003,1.0
31680607,FT941-15145,0.12
31680607,FT934-17004,0.08
37006029,LA010889-0164,0.26
37006029,FT921-6003,0.96
37006029,FR940404-2-00007,0.32
37006029,FT934-12959,0.45
37006029,FR941216-2-00101,0.19
37006029,FR940203-2-00041,0.06
37006029,FR940407-2-00084,0.13
37006029,FBIS3-37947,0.2
36773182,FR941104-1-00047,0.0
36773182,FT921-6003,1.0
36773182,FBIS4-67515,0.21
36773182,FR940407-2-00084,0.21
36773182,FT944-8277,0.2
36773182,FR940621-2-00020,0.21
36773182,FR940513-2-00150,0.19
33905644,FBIS4-53334,0.09
33905644,FT921-6003,0.9
33905644,LA062189-0059,0.86
33905644,FR940407-2-00084,0.89
33905644,LA031589-0004,0.4
33905644,LA082889-0023,0.7
33905644,LA080289-0011,0.8
33905644,FT934-9827,0.09
14265126,FBIS4-66185,0.0
14265126,LA092489-0103,0.9
14265126,FT921-6003,0.85
14265126,FBIS3-3779,0.84
14265126,LA112689-0095,0.4
14265126,FT921-6846,0.7
14265126,FR940407-2-00084,0.29
14265126,FT942-10464,0.9
42971725,FR941103-0-00137,0.0
42971725,LA091789-0067,1.0
42971725,FT921-6003,1.0
42971725,FT941-15416,1.0
42971725,FT944-13865,0.0
42971725,FR940114-2-00084,0.0
42971725,FR940407-2-00084,0.0
42971725,FT933-5757,1.0
41701371,LA092189-0193,0.1
41701371,FR940407-2-00084,0.2
41701371,LA050889-0063,1.0
41701371,FBIS3-36163,0.05
41701371,FT921-6003,0.86
41701371,FT933-2396,0.89
38477855,FBIS4-67533,0.09
38477855,FT941-1761,0.0
38477855,FR940203-0-00068,0.12
38477855,FR940407-2-00084,0.1
38477855,FR940224-2-00100,0.7
38477855,FT921-6003,0.72
38477855,LA052489-0044,0.21
38477855,FBIS3-59751,0.19
42354707,FT921-6003,1.0
42354707,FT941-4198,0.1
42354707,FR940407-2-00084,0.15
42354707,FR941102-0-00085,0.15
42354707,FBIS3-41666,0.5
21161876,FBIS4-7236,0.15
21161876,FT921-6003,0.5
21161876,FR940204-0-00062,0.09
21161876,FT933-13637,0.2
21161876,FT933-9176,0.2
21161876,LA100789-0152,0.6
21161876,FR940407-2-00084,0.1
21161876,FR940913-2-00006,0.2
6367365,FT941-1511,0.19
6367365,FBIS4-21346,0.0
6367365,FT941-469,0.0
6367365,FR940407-2-00084,0.0
6367365,FT921-6003,1.0
6367365,FT941-15410,0.0
37309176,FR940407-2-00084,0.07
37309176,LA082390-0002,0.57
37309176,FT933-7330,0.85
37309176,LA030390-0100,0.49
37309176,FR941104-2-00070,0.34
37309176,FR940617-2-00145,0.71
37309176,FT921-6003,0.78
37309176,FT932-12511,0.81
37717112,FR941227-1-00039,0.0
37717112,FT921-6003,1.0
37717112,FBIS3-41533,1.0
37717112,FR940407-2-00084,0.0
37717112,LA061589-0085,0.0
37717112,FBIS3-22269,1.0
37717112,LA121990-0130,0.0
40839765,FBIS4-67534,1.0
40839765,FR940314-1-00037,0.0
40839765,FT921-6098,1.0
40839765,FT921-6003,1.0
40839765,FR940505-2-00064,0.9
40839765,FR940407-2-00084,0.0
40839765,FR940616-1-00014,0.0
40839765,FR940127-1-00057,0.0
41338632,FR940407-2-00084,0.0
41338632,FR940616-1-00016,0.0
41338632,FBIS3-43569,0.0
41338632,LA011589-0122,1.0
41338632,FBIS3-44609,0.0
41338632,LA111190-0042,0.5
41338632,FT921-6003,1.0
41338632,FR941212-2-00065,0.0
41224175,LA040590-0148,0.61
41224175,LA050490-0103,0.01
41224175,FR940913-2-00005,0.0
41224175,FT921-6003,0.74
41224175,FR941130-0-00122,0.0
41224175,FR940407-2-00084,0.0
41224175,FR940405-1-00010,0.0
41224175,FBIS4-21360,0.78
34335673,FBIS3-48902,0.8
34335673,FR940407-2-00084,0.2
34335673,FR941221-0-00054,0.0
34335673,FT924-8995,0.2
34335673,FR940902-1-00055,0.3
34335673,FT921-6003,0.86
34335673,LA021990-0093,0.2
34335673,FR941104-1-00054,0.85
37644835,LA102090-0048,1.0
37644835,FR941104-1-00046,0.05
37644835,FBIS4-20472,0.5
37644835,FBIS4-51227,1.0
37644835,FR940407-2-00084,0.0
37644835,FR941103-0-00149,1.0
37644835,FT921-6003,1.0
37644835,LA100789-0110,1.0
36985538,FT921-6003,0.77
36985538,FR940203-2-00039,0.17
36985538,FR940603-0-00118,0.78
36985538,FR940831-1-00024,0.11
36985538,LA030189-0109,0.92
36985538,FR940407-2-00084,0.34
36985538,LA091989-0120,0.87
25912200,FR940706-2-00104,0.05
25912200,FBIS3-22399,0.95
25912200,FBIS3-36078,0.05
25912200,FT921-6003,0.95
25912200,FR940407-2-00084,0.05
25912200,LA062290-0170,0.1
25912200,FR940513-2-00134,0.05
38665538,LA030190-0146,1.0
38665538,FBIS4-45779,0.9
38665538,FR940407-2-00084,0.0
38665538,FBIS3-60340,0.1
38665538,FR940404-1-00046,0.4
38665538,LA100989-0033,0.0
38665538,FT921-6003,1.0
38665538,FT942-17238,0.0
42010152,FBIS4-41505,0.08
42010152,FT921-6003,0.88
42010152,FR941103-0-00145,0.65
42010152,FT921-9502,0.83
42010152,FR940407-2-00084,0.38
42010152,FR941116-2-00005,0.31
27450254,LA071889-0158,0.89
27450254,FT921-6003,0.89
27450254,LA012490-0111,0.1
27450254,FR941013-0-00029,0.9
27450254,FT922-12941,0.1
27450254,FR940407-2-00084,0.5
27450254,LA022689-0070,0.9
39490925,FBIS4-49234,0.95
39490925,FBIS4-2652,0.99
39490925,FR940802-2-00084,0.17
39490925,FR940407-2-00084,0.24
39490925,FR940419-1-00034,0.96
39490925,FR941104-1-00055,0.96
39490925,FT921-6003,0.91
39490925,FR940428-2-00145,0.5
43245461,FT921-6003,0.5
43245461,FR940314-1-00037,0.25
43245461,FR940722-2-00011,0.55
43245461,FR940407-2-00084,0.2
43245461,FR941104-1-00047,0.15
43245461,FR940902-1-00055,0.6
43245461,LA111190-0042,0.65
15505671,LA061589-0085,0.0
15505671,FT921-6003,0.9
15505671,FR940407-2-00084,0.0
15505671,FT921-9483,0.0
15505671,FR940203-0-00068,0.0
15505671,FBIS3-43569,0.2
15505671,FBIS3-26834,0.04
42229818,FR940407-2-00084,0.01
42229818,LA050490-0103,0.84
42229818,FR941104-1-00055,0.92
42229818,FT921-6003,0.97
42229818,FBIS4-40948,0.5
42229818,FBIS4-2652,0.85
42229818,FT922-12941,0.01
42229818,FT941-4198,0.13
42201828,FBIS4-45625,0.6
42201828,FR940407-2-00084,0.29
42201828,FR940720-1-00047,0.7
42201828,FT921-6003,0.7
42201828,FBIS3-59751,0.3
42201828,LA052489-0044,0.7
42201828,FR940419-1-00034,0.6
37936902,LA121990-0130,0.5
37936902,FR940810-2-00084,0.4
37936902,FR941104-2-00070,0.3
37936902,FR940802-2-00084,0.2
37936902,FT921-6003,0.7
37936902,FR940407-2-00084,0.5
37936902,FBIS4-20504,0.4
37936902,FT941-5453,0.7
6579519,FR941104-1-00046,0.19
6579519,FT921-6003,0.89
6579519,FR941116-2-00005,0.51
6579519,FR940407-2-00084,0.19
6579519,FR941104-1-00045,0.31
6579519,FT941-1761,0.2
6579519,LA050989-0070,0.3
6579519,LA100789-0110,0.49
32073845,LA071590-0042,1.0
32073845,FT921-6003,1.0
32073845,FR940428-2-00145,0.82
32073845,FT934-17003,0.99
32073845,FR940513-2-00150,0.24
32073845,FR940407-2-00084,0.99
32073845,FT921-6098,0.99
32073845,FT943-8480,0.8
41583052,LA030190-0146,0.8
41583052,FR941103-0-00145,0.63
41583052,FBIS3-60340,0.73
41583052,FR940407-2-00084,0.61
41583052,LA091789-0067,0.67
41583052,FBIS4-20472,0.4
41583052,FT921-6003,0.86
41583052,FR940127-1-00057,0.57
21188098,FR940407-2-00084,0.16
21188098,FR940203-2-00041,0.16
21188098,LA100789-0152,0.25
21188098,FR940913-2-00006,0.14
21188098,FT921-6003,0.77
21188098,FBIS4-45779,0.8
21188098,FR940404-2-00007,0.22
21188098,FT941-15415,0.03
31903645,FT941-1511,1.0
31903645,FT941-15145,0.0
31903645,FT921-6003,1.0
31903645,FR940407-2-00084,0.0
31903645,LA010190-0024,0.0
31903645,FBIS3-44609,0.0
31903645,FR940505-2-00064,0.5
31903645,LA012490-0111,0.0
19953423,LA012389-0086,0.2
19953423,LA092489-0103,0.3
19953423,FBIS4-21360,0.6
19953423,FR940407-2-00084,0.26
19953423,FT921-6003,0.73
19953423,LA041990-0069,0.21
19953423,FT942-17238,0.79
37766446,LA021190-0107,0.65
37766446,FT934-17004,0.85
37766446,FT942-10464,0.75
37766446,FT921-6003,1.0
37766446,FR941013-0-00032,0.3
37766446,FR941216-2-00101,0.0
37766446,FR940407-2-00084,0.35
37766446,FR940418-1-00038,0.6
33432056,FT921-9502,1.0
33432056,LA080289-0011,1.0
33432056,LA021990-0093,0.0
33432056,FBIS3-40450,0.0
33432056,FT921-6003,1.0
33432056,FR940407-2-00084,0.0
33432056,FR940404-2-00188,0.0
33432056,FBIS3-26515,0.1
43245439,LA051389-0024,0.8
43245439,FT921-6003,0.95
43245439,LA012589-0100,0.61
43245439,FR940407-2-00084,0.5
43245439,FT924-8995,0.5
40544601,FR940119-1-00019,0.19
40544601,FR940902-1-00085,0.66
40544601,FT921-6003,0.62
40544601,FBIS3-4463,0.71
40544601,FR940407-2-00084,0.21
40544601,FR941104-1-00054,0.76
40544601,FBIS3-37947,0.18
40544601,LA112689-0095,0.69
33919870,FR940407-2-00084,0.0
33919870,FR940203-2-00039,0.0
33919870,FBIS3-41458,0.05
33919870,FR940621-2-00020,0.0
33919870,LA071989-0024,0.03
33919870,LA062189-0059,0.45
33919870,FT921-6003,0.64
33919870,FT933-7330,0.9
40610937,FR940404-1-00046,0.91
40610937,FBIS3-36047,0.0
40610937,FR940328-1-00016,0.3
40610937,FR940407-2-00084,0.1
40610937,FT921-6003,0.92
40610937,FBIS3-48902,0.3
40610937,FT941-2746,0.92
40610937,FBIS4-61857,0.9
41598955,FT921-6003,0.9
41598955,FT934-9827,0.2
41598955,FR940203-0-00069,0.2
41598955,FR940407-2-00084,0.2
41598955,FT932-12511,0.8
41598955,LA040590-0148,0.8
38419350,FR941207-0-00114,0.08
38419350,LA010889-0164,0.39
38419350,FT921-6003,1.0
38419350,FR940407-2-00084,0.14
38419350,FBIS4-25719,0.07
38419350,FR941212-2-00065,0.96
41706887,LA071889-0158,0.18
41706887,FBIS3-35786,0.19
41706887,FR940407-2-00084,0.19
41706887,LA060489-0148,0.21
41706887,FT921-6003,0.72
41706887,FBIS4-53334,0.19
41706887,LA032289-0086,0.7
39013057,FBIS4-21346,0.97
39013057,FR940407-2-00084,0.27
39013057,FT921-6003,0.55
39013057,LA062290-0170,0.38
39013057,FBIS3-41666,0.61
39013057,FBIS3-23561,0.29
39013057,FR940831-1-00024,0.21
39013057,FBIS4-67515,0.55
37089893,FT944-8277,0.6
37089893,FT933-2396,0.68
37089893,FR940407-2-00084,0.4
37089893,FT933-13637,0.51
37089893,FR941026-2-00037,0.39
37089893,FT921-6003,0.46
37089893,FR940719-1-00028,0.8
37089893,LA030689-0010,0.83
39740302,FBIS3-22399,1.0
39740302,LA082390-0002,0.91
39740302,FR940913-2-00005,0.0
39740302,LA092189-0193,0.0
39740302,FBIS4-49234,1.0
39740302,FT921-6003,1.0
39740302,FR940407-2-00084,0.1
39740302,FBIS4-66185,0.0
42306042,FBIS4-41505,0.09
42306042,FR940407-2-00084,0.11
42306042,FR940328-1-00056,0.82
42306042,LA031589-0004,0.12
42306042,FT932-9729,0.09
42306042,FR941102-0-00085,0.11
42306042,FT921-6003,0.89
42306042,LA102090-0048,0.9
39419416,FT921-6003,0.97
39419416,FBIS3-36078,0.14
39419416,FT941-469,0.01
39419416,FR941130-0-00122,0.15
39419416,FR940407-2-00084,0.94
37034558,FT933-5757,0.64
37034558,FBIS4-67534,0.82
37034558,FR940119-1-00055,0.5
37034558,LA122390-0061,0.7
37034558,FT921-6003,0.9
37034558,FR940407-2-00084,0.01
37034558,FR940706-2-00104,0.0
37034558,FR940816-1-00064,0.84
41835489,FT921-6003,0.31
41835489,FR941221-0-00054,0.0
41835489,FR940513-2-00134,0.02
41835489,FR940407-2-00084,0.0
41835489,FBIS3-36163,0.0
41835489,FBIS4-66382,0.0
41835489,FBIS4-68402,0.04
41485723,LA050489-0010,0.87
41485723,LA100989-0033,0.71
41485723,FR940407-2-00084,0.52
41485723,LA112890-0007,0.9
41485723,FT921-6003,0.7
41485723,FBIS3-60235,0.66
41485723,FBIS3-60342,0.56
41485723,FT921-6846,0.52
24785317,FR940407-2-00084,0.0
24785317,FR940304-1-00061,0.0
24785317,FT934-12959,0.5
24785317,FR940513-2-00135,0.0
24785317,FT921-6003,1.0
24785317,FR940124-2-00024,0.0
24785317,LA091989-0120,0.0
24785317,FT941-15410,0.0
40592076,FBIS3-4051,0.0
40592076,FR941227-1-00039,0.0
40592076,FT921-6003,1.0
40592076,FR940407-2-00084,0.0
40592076,FR941103-0-00137,1.0
40592076,FR940603-0-00118,1.0
40592076,LA030390-0100,0.0
40592076,FR940124-2-00026,0.0
41667283,FBIS3-22269,0.9
41667283,FR941103-0-00149,0.0
41667283,FR940526-0-00051,0.39
41667283,FR940407-2-00084,0.29
41667283,FT921-6003,0.9
41667283,FBIS3-41533,0.7
41667283,LA030189-0109,0.7
41667283,FR940419-1-00035,0.39
27903250,FR940407-2-00084,0.01
27903250,FR940617-2-00145,0.01
27903250,FT921-6003,0.99
27903250,FBIS4-67533,0.0
27903250,LA050889-0063,0.99
27903250,LA022689-0070,0.02
27903250,FR940405-1-00010,0.0
27903250,FBIS3-3779,0.01
24577513,FT933-9176,0.92
24577513,FR940804-1-00051,0.0
24577513,FBIS4-7236,1.0
24577513,FT921-6003,1.0
24577513,FR941013-0-00029,0.85
24577513,FR940407-2-00084,0.0
24577513,LA011589-0122,1.0
36155653,FT921-6003,0.72
36155653,FR940407-2-00084,0.7
36155653,FR940927-0-00113,0.76
36155653,LA082889-0023,0.76
36155653,FT944-13865,0.0
36155653,FR940114-2-00084,0.76
36155653,FR940616-1-00016,0.05
17854479,FR940407-2-00084,0.31
17854479,FR940224-2-00100,0.5
17854479,FR940616-1-00014,0.3
17854479,FBIS4-51227,0.4
17854479,FR940414-2-00005,0.79
17854479,FT921-6003,0.8
17854479,FR940204-0-00062,0.25
17854479,FT941-15416,0.87
38202325,LA030689-0010,1.0
38202325,FT941-15410,0.0
38202325,FR940407-2-00084,0.0
38202325,FT921-6003,1.0
38202325,FT922-12941,0.0
38202325,LA071889-0158,0.2
38202325,FR940414-2-00005,0.09
38202325,FT933-5757,1.0
41740674,LA010190-0024,0.0
41740674,FR941104-1-00055,0.0
41740674,FR940407-2-00084,0.0
41740674,FR941026-2-00037,0.0
41740674,FT921-6003,0.9
41740674,FBIS3-43569,0.0
41740674,FBIS3-60340,0.1
36551747,FR941216-2-00101,0.34
36551747,FBIS4-2652,0.34
36551747,FR940407-2-00084,0.3
36551747,FBIS3-3779,0.33
36551747,FT933-9176,0.49
36551747,FT921-6003,0.61
36551747,FR940404-1-00046,0.46
36551747,LA071590-0042,0.36
6476374,FR940203-2-00041,0.0
6476374,LA061589-0085,0.0
6476374,FBIS3-59751,0.0
6476374,FR940407-2-00084,0.0
6476374,FT921-6003,0.9
6476374,FR941104-1-00047,0.0
41747628,FT944-13865,0.0
41747628,FR940407-2-00084,0.19
41747628,LA092189-0193,0.0
41747628,FT921-6003,0.86
41747628,FBIS3-60342,0.76
41747628,LA041990-0069,0.02
41747628,FBIS4-51227,0.86
41747628,FT941-469,0.5
20543725,FR941104-1-00046,0.0
20543725,LA030189-0109,0.8
20543725,FT921-6003,0.2
20543725,LA032289-0086,0.0
20543725,FR940204-0-00062,0.0
20543725,FR940407-2-00084,0.0
20543725,FBIS3-37947,0.0
42485396,FR940407-2-00084,0.17
42485396,FBIS3-4051,0.82
42485396,FT921-6003,0.78
42485396,FBIS4-45779,0.81
42485396,FT942-10464,0.81
42485396,FBIS3-60235,0.83
42485396,FR941130-0-00122,0.86
42485396,LA121990-0130,0.14
41661496,FR941103-0-00149,0.0
41661496,LA100989-0033,0.9
41661496,FR940407-2-00084,0.0
41661496,FT921-6003,1.0
41661496,FBIS3-22269,1.0
41661496,FBIS3-41458,0.89
41661496,FT941-5453,1.0
41661496,LA050489-0010,0.0
39864036,FR940407-2-00084,0.1
39864036,LA050989-0070,0.1
39864036,FR940328-1-00056,0.9
39864036,LA112890-0007,1.0
39864036,FT921-6003,1.0
39864036,LA091989-0120,0.0
39864036,LA100789-0110,0.05
32705876,FR940505-2-00064,1.0
32705876,FR940513-2-00135,0.0
32705876,FT921-6003,1.0
32705876,FR940119-1-00019,0.0
32705876,FT934-9827,1.0
32705876,FR940407-2-00084,0.0
32705876,FR940203-0-00068,0.0
32705876,FBIS3-48902,1.0
39943060,LA021190-0107,0.93
39943060,FBIS3-26834,0.96
39943060,FT941-15145,0.1
39943060,FR940328-1-00016,0.38
39943060,FT921-6003,0.99
39943060,FR940407-2-00084,0.01
39943060,FR940119-1-00055,0.25
39943060,FR940124-2-00024,0.35
15596530,FR940913-2-00005,0.0
15596530,FT921-6003,1.0
15596530,FT924-8995,0.0
15596530,FR940407-2-00084,0.0
15596530,LA102090-0048,0.61
15596530,LA062290-0170,0.62
15596530,FR940127-1-00057,0.66
11003055,FT921-6098,0.3
11003055,FBIS3-35786,0.0
11003055,FT921-6003,0.4
11003055,FBIS4-45625,0.1
11003055,FR940719-1-00028,0.0
11003055,FBIS3-41666,0.0
11003055,FR940407-2-00084,0.0
11003055,FBIS4-21360,0.0
35742050,FT921-6003,0.8
35742050,FR940802-2-00084,0.1
35742050,FT921-9483,0.1
35742050,FT934-12959,0.7
35742050,FR940407-2-00084,0.6
35742050,FR941013-0-00032,0.7
35742050,FT941-15416,0.84
42126087,FR941102-0-00085,0.0
42126087,LA031589-0004,0.49
42126087,FR940407-2-00084,0.0
42126087,FR940816-1-00064,0.97
42126087,FR941104-1-00054,0.94
42126087,FT921-6003,1.0
42126087,FT933-7330,1.0
43248437,FR940407-2-00084,0.2
43248437,FBIS4-20472,0.0
43248437,FR940419-1-00035,0.9
43248437,FR940722-2-00011,0.0
43248437,LA040590-0148,0.3
43248437,FR940616-1-00016,0.0
43248437,FT921-6003,0.9
43248437,LA122390-0061,0.3
38935031,FT921-6003,0.4
38935031,LA091789-0067,0.64
38935031,FBIS4-67515,0.11
38935031,FR940407-2-00084,0.22
38935031,FBIS4-40948,0.89
38935031,LA052489-0044,0.26
38935031,FT934-17003,0.83
38935031,FR941103-0-00145,0.2
32761304,FR940706-2-00104,0.0
32761304,FBIS4-67534,0.85
32761304,FR940407-2-00084,0.1
32761304,FT921-6003,0.95
32761304,FBIS4-49234,0.9
34883552,LA012589-0100,0.8
34883552,FR940407-2-00084,0.2
34883552,LA030390-0100,0.39
34883552,FBIS4-20504,0.1
34883552,FT921-6003,0.95
34883552,FR940314-1-00037,0.61
33330543,FT921-6003,0.98
33330543,FT941-2746,0.95
33330543,LA051389-0024,0.06
33330543,FT932-12511,0.53
33330543,FR940404-2-00007,0.01
33330543,FR940407-2-00084,0.11
33330543,FBIS4-7236,0.75
33330543,LA082889-0023,0.72
41580583,FR940621-2-00020,0.01
41580583,FBIS4-66185,0.01
41580583,FR940124-2-00026,0.73
41580583,FR940804-1-00051,0.48
41580583,FT921-6003,1.0
41580583,FR940407-2-00084,0.02
41580583,FBIS3-36163,0.01
41580583,FR940419-1-00034,0.52
41336418,FR941104-2-00070,0.26
41336418,LA080289-0011,0.8
41336418,FT921-6003,0.94
41336418,FBIS4-61857,0.91
41336418,FR940407-2-00084,0.65
41336418,LA012490-0111,0.35
41336418,FBIS4-21346,0.92
24234910,FR940407-2-00084,0.0
24234910,LA012389-0086,0.0
24234910,FT934-17004,1.0
24234910,FT944-8277,1.0
24234910,FT921-6003,1.0
24234910,LA050889-0063,1.0
24234910,FR941221-0-00054,0.0
41688176,FR940224-2-00100,0.04
41688176,FR940913-2-00006,0.0
41688176,FT941-1511,0.0
41688176,FT933-13637,0.03
41688176,FT921-6003,0.85
41688176,FR940616-1-00014,0.05
41688176,FR940407-2-00084,0.0
41688176,FBIS4-67533,0.0
41618523,FT921-6003,0.89
41618523,LA050490-0103,0.07
41618523,FT943-8480,0.07
41618523,FR940203-0-00069,0.09
41618523,FT941-15415,0.94
41618523,FR940407-2-00084,0.09
41618523,FBIS3-26515,0.25
22396356,FR940407-2-00084,0.06
22396356,FR941103-0-00137,0.1
22396356,FR941207-0-00114,0.05
22396356,FBIS3-36047,0.02
22396356,FT941-1761,0.1
22396356,FBIS3-4463,0.9
22396356,FT921-6003,0.95
22396356,FR940603-0-00118,0.07
42102452,FT933-2396,0.83
42102452,FR940902-1-00055,0.76
42102452,FT921-6003,0.79
42102452,FR940617-2-00145,0.81
42102452,FR940407-2-00084,0.19
42102452,LA112689-0095,0.09
42102452,LA082390-0002,0.72
33653679,FR940407-2-00084,0.01
33653679,FR940526-0-00051,0.06
33653679,FBIS4-53334,0.09
33653679,FR940428-2-00145,0.03
33653679,FR940405-1-00010,0.02
33653679,FT921-6003,0.96
33653679,FR941104-1-00045,0.92
33653679,FT941-4198,0.15
40402602,LA092489-0103,0.18
40402602,FT921-6003,1.0
40402602,FR941212-2-00065,0.04
40402602,FR940407-2-00084,0.0
40402602,LA071989-0024,1.0
40402602,LA060489-0148,0.02
40402602,FR940810-2-00084,0.17
41835015,FR940407-2-00084,0.57
41835015,LA021990-0093,0.1
41835015,FR940513-2-00150,0.37
41835015,FT921-6003,0.58
41835015,FR940513-2-00134,0.15
41835015,FT932-9729,0.09
41835015,FBIS4-25719,0.07
41835015,LA111190-0042,0.42
42022649,LA030190-0146,0.0
42022649,FR940203-2-00039,1.0
42022649,FR941227-1-00039,1.0
42022649,FT921-6003,0.99
42022649,FR941116-2-00005,1.0
42022649,FR940407-2-00084,0.0
42022649,FT921-9502,1.0
42022649,FR940114-2-00084,1.0
36285392,FR940407-2-00084,0.0
36285392,FR940304-1-00061,0.15
36285392,FR940720-1-00047,0.19
36285392,LA022689-0070,0.76
36285392,FR940902-1-00085,0.0
36285392,FT921-6003,0.7
36285392,FBIS4-41505,0.85
36285392,LA010889-0164,0.05
40904880,FBIS3-23561,0.0
40904880,FBIS4-66382,0.0
40904880,FT921-6003,1.0
40904880,FR940407-2-00084,0.0
40904880,FR941013-0-00029,0.0
40904880,FR940927-0-00113,0.1
40904880,FBIS3-40450,0.01
40904880,FR940404-2-00188,0.09
36036102,FBIS3-22399,0.7
36036102,FR940407-2-00084,0.03
36036102,FBIS3-36078,0.0
36036102,LA100789-0152,0.8
36036102,FBIS3-41533,0.87
36036102,FT921-6003,0.89
36036102,LA011589-0122,0.78
36036102,FBIS4-68402,0.5
38943920,FR940831-1-00024,0.0
38943920,FT921-6846,0.09
38943920,FT942-17238,0.6
38943920,LA062189-0059,0.19
38943920,FR940418-1-00038,0.1
38943920,FR940407-2-00084,0.1
38943920,FT921-6003,0.6
38943920,FBIS3-44609,0.0
6342275,FR940203-2-00041,0.0
6342275,FR940204-0-00062,0.0
6342275,LA022689-0070,1.0
6342275,FR940407-2-00084,0.0
6342275,FT921-6003,1.0
6342275,FR940404-1-00046,0.0
6342275,FR940304-1-00061,0.0
6342275,FR940513-2-00135,0.0
42080959,FR940224-2-00100,0.8
42080959,FBIS4-53334,0.0
42080959,FR940414-2-00005,0.0
42080959,FR940407-2-00084,0.0
42080959,FT921-6003,0.58
42080959,LA102090-0048,0.31
42080959,FBIS3-26834,0.0
34056642,FR940720-1-00047,0.76
34056642,FR940124-2-00026,0.39
34056642,FT921-9502,0.58
34056642,FT921-6003,0.7
34056642,FR940407-2-00084,0.43
34056642,LA100789-0110,0.38
34056642,FR940719-1-00028,0.3
41840369,LA010190-0024,0.0
41840369,FR941013-0-00032,0.0
41840369,FR940407-2-00084,0.3
41840369,LA012490-0111,0.0
41840369,FT944-8277,1.0
41840369,FT941-5453,1.0
41840369,FT921-6003,1.0
41840369,FT942-10464,1.0
32833920,FT921-6003,0.97
32833920,FR940407-2-00084,0.02
32833920,LA122390-0061,0.89
32833920,FBIS4-2652,0.03
32833920,FBIS4-25719,0.07
32833920,FBIS4-21360,0.09
31265048,FBIS3-60235,0.95
31265048,FR940505-2-00064,0.97
31265048,LA100789-0152,0.96
31265048,FR940124-2-00024,0.95
31265048,LA092189-0193,0.06
31265048,FT921-6003,0.97
31265048,FR940407-2-00084,0.17
31265048,FR940328-1-00056,0.97
40963627,FBIS3-3779,0.0
40963627,FR940526-0-00051,0.0
40963627,FBIS3-4051,0.0
40963627,LA041990-0069,0.0
40963627,LA071989-0024,0.5
40963627,FT921-6003,1.0
40963627,FR940407-2-00084,0.0
40963627,FBIS3-44609,0.0
34919399,FR940407-2-00084,0.5
34919399,FR941104-2-00070,0.12
34919399,FR940405-1-00010,0.0
34919399,FR940404-2-00007,0.05
34919399,FT941-4198,0.0
34919399,FT921-6003,0.86
34919399,FT941-1511,1.0
34919399,FBIS3-59751,0.0
42010823,FT944-13865,0.0
42010823,FR940407-2-00084,0.02
42010823,FT921-6003,0.87
42010823,LA082889-0023,0.16
42010823,LA071889-0158,0.57
42010823,FBIS4-49234,0.67
42010823,LA062189-0059,0.71
42010823,LA060489-0148,0.18
41856474,FR940407-2-00084,0.09
41856474,FR940816-1-00064,0.17
41856474,FT941-15145,0.01
41856474,FT921-6003,0.94
41856474,FR941221-0-00054,0.02
41856474,FR940616-1-00014,0.21
41856474,FT933-13637,0.5
6331234,FT921-6003,0.3
6331234,FR940913-2-00005,0.0
6331234,FBIS4-20504,0.0
6331234,FT933-2396,0.09
6331234,FR940616-1-00016,0.0
6331234,FR940407-2-00084,0.0
40641569,LA112890-0007,1.0
40641569,FT941-469,0.0
40641569,LA050989-0070,0.0
40641569,FR940407-2-00084,0.5
40641569,LA050490-0103,0.0
40641569,FT921-6003,1.0
40641569,LA030689-0010,1.0
41608244,FT921-6003,0.65
41608244,LA112689-0095,0.5
41608244,LA040590-0148,0.55
41608244,FBIS3-23561,0.4
41608244,FR940407-2-00084,0.6
41608244,FR941216-2-00101,0.52
41608244,FT941-15410,0.51
41608244,LA030189-0109,0.62
43164357,FR940419-1-00034,0.2
43164357,FR940407-2-00084,0.0
43164357,FT921-6003,0.6
43164357,FT934-17004,0.25
43164357,FBIS4-61857,0.25
43164357,FBIS3-36047,0.0
43164357,FR940722-2-00011,0.2
43164357,FR941103-0-00149,0.75
29289135,FT941-2746,0.0
29289135,LA012589-0100,0.0
29289135,FR940407-2-00084,0.0
29289135,LA010889-0164,0.0
29289135,FT921-6003,1.0
29289135,FR940802-2-00084,0.0
29289135,FR941227-1-00039,0.0
41071497,FT921-6003,0.1
41071497,FT933-9176,0.1
41071497,FBIS3-43569,0.0
41071497,FBIS3-60342,0.06
41071497,FR940407-2-00084,0.04
41071497,FR940706-2-00104,0.0
41071497,FR940127-1-00057,0.05
41809115,FBIS4-67515,0.7
41809115,FR940831-1-00024,0.09
41809115,FT921-6003,0.95
41809115,LA061589-0085,0.8
41809115,FR940203-0-00069,0.9
41809115,FR940407-2-00084,0.8
41809115,FBIS4-20472,0.9
41809115,LA021190-0107,0.7
34462115,FR940407-2-00084,0.01
34462115,LA031589-0004,0.02
34462115,FR940114-2-00084,0.77
34462115,LA121990-0130,0.03
34462115,FT921-6003,0.8
34462115,LA062290-0170,1.0
34462115,FR940617-2-00145,1.0
34462115,LA071590-0042,0.05
36672313,FBIS4-40948,0.0
36672313,FBIS3-60340,1.0
36672313,LA051389-0024,0.61
36672313,FR940407-2-00084,0.54
36672313,FT921-6003,0.73
36672313,FT933-5757,0.0
36672313,FT943-8480,0.0
36672313,FT932-12511,0.0
39905212,FR940407-2-00084,0.02
39905212,FT934-17003,0.08
39905212,FR940119-1-00019,0.68
39905212,FR941103-0-00145,0.17
39905212,LA012389-0086,0.0
39905212,FBIS3-41666,0.63
39905212,FT921-6003,0.74
39905212,FR940804-1-00051,0.57
6524027,FT921-6003,0.31
6524027,FR940621-2-00020,0.1
6524027,FR941104-1-00046,0.05
6524027,FR940407-2-00084,0.04
6524027,LA052489-0044,0.04
6524027,FR940328-1-00016,0.19
6524027,FT932-9729,0.31
23672187,LA080289-0011,0.3
23672187,FT921-6003,0.5
23672187,FR940407-2-00084,0.0
23672187,FBIS4-67533,0.0
23672187,FBIS3-36163,0.0
23672187,FBIS3-37947,0.0
23672187,LA082390-0002,0.09
23672187,FR940314-1-00037,0.3
41708279,FR941116-2-00005,0.0
41708279,LA032289-0086,0.5
41708279,FR941104-1-00055,0.5
41708279,FT921-6003,1.0
41708279,FR940407-2-00084,0.09
41708279,LA030390-0100,0.1
8049355,FBIS3-22269,1.0
8049355,FT921-6003,1.0
8049355,FR940603-0-00118,0.79
8049355,FBIS4-21346,1.0
8049355,FR940927-0-00113,1.0
8049355,FR940407-2-00084,0.09
8049355,LA091989-0120,0.05
33475667,FR940407-2-00084,0.02
33475667,FBIS3-48902,0.87
33475667,FT942-17238,0.4
33475667,FBIS4-66185,0.0
33475667,FBIS4-41505,0.3
33475667,FT921-6003,0.7
33475667,FR941104-1-00054,0.41
33475667,FR940418-1-00038,0.02
41433005,FR940913-2-00006,0.95
41433005,FBIS3-41458,0.04
41433005,FBIS3-35786,0.03
41433005,FR940513-2-00134,0.06
41433005,FBIS3-4463,0.91
41433005,FT921-6003,0.95
41433005,FR940407-2-00084,0.06
41433005,FR940419-1-00035,1.0
4338784,FR940407-2-00084,0.0
4338784,FBIS4-45625,0.18
4338784,FR940902-1-00085,0.54
4338784,FBIS3-41533,0.71
4338784,FR941207-0-00114,0.94
4338784,FT921-6003,0.93
4338784,LA092489-0103,1.0
4338784,FR940902-1-00055,0.94
35783314,FT941-15415,0.9
35783314,FBIS4-7236,0.1
35783314,FR941013-0-00029,0.09
35783314,FT921-6003,0.9
35783314,FR941212-2-00065,0.9
35783314,FT924-8995,0.1
35783314,FR940407-2-00084,0.1
35783314,FT934-9827,0.09
41805069,FT922-12941,0.0
41805069,FT941-15416,0.5
41805069,FR941104-1-00045,0.31
41805069,FT921-6846,0.4
41805069,FT921-6003,0.61
41805069,LA011589-0122,0.59
41805069,FR940407-2-00084,0.0
41805069,LA050889-0063,0.53
37528095,LA021990-0093,0.0
37528095,FT921-6003,0.9
37528095,FR941130-0-00122,0.0
37528095,LA100989-0033,0.7
37528095,FR940203-2-00039,0.0
37528095,FR940407-2-00084,0.3
37528095,LA091789-0067,0.2
41155224,FT934-12959,0.8
41155224,FR940407-2-00084,0.4
41155224,FT921-6003,0.71
41155224,FBIS3-22399,0.4
41155224,FR941104-1-00047,0.44
41155224,FBIS4-45779,0.3
41155224,FR941103-0-00137,0.62
41155224,FBIS3-40450,0.21
34371264,FBIS3-26515,0.71
34371264,FR940407-2-00084,0.0
34371264,FT921-6003,1.0
34371264,FBIS4-51227,0.81
34371264,FR940428-2-00145,0.61
34371264,FR940513-2-00150,0.0
34371264,FR940404-2-00188,0.0
37348026,LA030190-0146,0.14
37348026,FR940407-2-00084,0.0
37348026,FT921-6003,1.0
37348026,FR940119-1-00055,0.0
37348026,FR940203-0-00068,0.0
37348026,FR941026-2-00037,0.0
37348026,LA111190-0042,0.0
37348026,FBIS4-67534,0.11
41983503,FBIS4-68402,0.96
41983503,FR941102-0-00085,0.0
41983503,FR940407-2-00084,0.1
41983503,FT921-9483,0.0
41983503,FT921-6003,1.0
41983503,FBIS4-66382,0.0
41983503,FR940810-2-00084,0.21
22588965,FT941-1761,0.35
22588965,LA050489-0010,0.75
22588965,FT921-6098,0.75
22588965,FT921-6003,0.81
22588965,FR940407-2-00084,0.25
22588965,FT933-7330,0.85
22588965,FBIS3-36078,0.15
29254464,FBIS4-67533,0.02
29254464,FBIS4-67534,0.06
29254464,LA030390-0100,0.88
29254464,FT933-7330,0.87
29254464,FT921-6003,0.84
29254464,LA021190-0107,0.68
29254464,FR940407-2-00084,0.03
29254464,LA010889-0164,0.63
36540313,FT921-6003,0.6
36540313,LA050490-0103,0.0
36540313,FBIS4-20472,0.0
36540313,FT941-15410,0.0
36540313,FR940407-2-00084,0.0
36540313,LA012490-0111,0.0
36540313,LA092489-0103,0.1
36540313,FR940913-2-00006,0.0
6492217,LA071590-0042,0.0
6492217,FBIS3-4463,1.0
6492217,LA050989-0070,1.0
6492217,FR940407-2-00084,0.0
6492217,FT941-1761,1.0
6492217,FT921-6003,1.0
6492217,FR940902-1-00055,0.0
36736084,FR940720-1-00047,0.78
36736084,FR940404-2-00007,0.17
36736084,LA021990-0093,0.13
36736084,FR940203-2-00041,0.11
36736084,FT921-6003,0.81
36736084,FR940407-2-00084,0.1
36736084,LA022689-0070,0.76
36736084,FR940328-1-00056,0.13
33248736,FT942-17238,0.38
33248736,FBIS4-51227,0.65
33248736,FBIS3-59751,0.17
33248736,FBIS3-4051,0.69
33248736,FR940124-2-00024,0.37
33248736,FR940407-2-00084,0.15
33248736,FT921-6003,0.72
33248736,FR941104-2-00070,0.3
31099607,FR940203-0-00068,0.0
31099607,FBIS4-21360,0.6
31099607,FT921-6003,1.0
31099607,FR940407-2-00084,0.0
31099607,FBIS3-36163,0.0
31099607,FR940328-1-00016,0.8
31099607,FR941026-2-00037,0.0
42041426,FT934-12959,0.8
42041426,FR941130-0-00122,0.3
42041426,FBIS3-22269,0.95
42041426,FT934-17004,0.93
42041426,FT921-6003,0.91
42041426,FR940407-2-00084,0.83
6082058,FR940722-2-00011,0.2
6082058,FBIS3-35786,0.0
6082058,LA031589-0004,0.02
6082058,FT921-9502,0.86
6082058,FBIS4-45779,0.97
6082058,FT921-6003,0.96
6082058,FR940407-2-00084,0.07
6082058,FT942-10464,0.86
19904240,FR940407-2-00084,0.0
19904240,FT921-6003,1.0
19904240,FBIS3-60340,0.0
19904240,FT933-9176,0.0
19904240,FR940802-2-00084,0.0
19904240,FBIS4-66382,0.0
19904240,LA030189-0109,0.0
42023252,FT921-6003,0.68
42023252,FBIS3-43569,0.05
42023252,FR940526-0-00051,0.06
42023252,FBIS4-68402,0.8
42023252,LA121990-0130,0.0
42023252,FR940407-2-00084,0.0
42023252,FR940719-1-00028,0.0
35682287,FT933-13637,0.66
35682287,FR940407-2-00084,0.71
35682287,LA050489-0010,0.89
35682287,FR941104-1-00054,0.22
35682287,FR941212-2-00065,0.7
35682287,FT921-6003,0.95
35682287,LA091789-0067,0.78
35682287,FR940621-2-00020,0.2
36374994,FBIS3-48902,0.6
36374994,FT922-12941,0.1
36374994,FR940407-2-00084,0.19
36374994,LA100789-0152,0.79
36374994,LA051389-0024,0.1
36374994,FT921-6003,0.86
38620248,FT941-15416,0.6
38620248,FR940407-2-00084,0.39
38620248,FR941013-0-00032,0.07
38620248,LA032289-0086,0.05
38620248,LA100989-0033,0.58
38620248,FT921-6003,0.68
38620248,LA092189-0193,0.1
40861787,LA112689-0095,0.7
40861787,FR940407-2-00084,0.1
40861787,FR941104-1-00047,0.9
40861787,FR940616-1-00016,0.6
40861787,FBIS4-20504,0.0
40861787,FR940203-2-00039,0.09
40861787,FT921-6003,0.92
40861787,LA011589-0122,1.0
40076105,FT941-5453,0.29
40076105,LA041990-0069,0.0
40076105,FBIS4-41505,0.06
40076105,FT941-4198,0.0
40076105,FR940407-2-00084,0.0
40076105,FT941-15415,0.96
40076105,FT921-6003,0.5
40076105,FBIS3-26834,0.27
41743337,FR941104-1-00055,0.82
41743337,FR941207-0-00114,0.12
41743337,FT921-6846,0.78
41743337,FR940407-2-00084,0.17
41743337,FT921-6003,0.83
41743337,FR941103-0-00145,0.07
41743337,FT932-12511,0.78
41743337,FR940804-1-00051,0.2
32049067,LA082390-0002,0.01
32049067,FR941116-2-00005,0.02
32049067,FBIS4-61857,1.0
32049067,FR940414-2-00005,0.83
32049067,FT921-6003,1.0
32049067,FR940816-1-00064,1.0
32049067,FR940407-2-00084,0.06
32049067,FBIS4-40948,0.94
11376021,LA062189-0059,0.15
11376021,FT921-6003,1.0
11376021,LA062290-0170,0.8
11376021,LA030190-0146,0.3
11376021,FBIS3-22399,0.7
11376021,FR940407-2-00084,0.09
11376021,LA010190-0024,0.0
11376021,FR940603-0-00118,0.1
40448013,FR941102-0-00085,0.0
40448013,FBIS4-49234,0.8
40448013,FT941-15145,0.0
40448013,FR940407-2-00084,0.0
40448013,FT921-6003,0.9
40448013,LA071889-0158,0.8
40448013,FR940314-1-00037,0.0
20559745,FT921-6003,0.9
20559745,FR940902-1-00085,0.07
20559745,FT944-8277,0.78
20559745,FT924-8995,0.0
20559745,FBIS3-60342,0.7
20559745,FR940407-2-00084,0.32
20559745,FBIS3-60235,0.94
20559745,FBIS3-3779,0.08
28736988,FT941-1511,0.22
28736988,FBIS4-67515,0.09
28736988,FR940505-2-00064,0.12
28736988,FR940407-2-00084,0.12
28736988,FBIS3-41533,0.26
28736988,FR940927-0-00113,0.11
28736988,FT921-6003,0.79
28736988,FR940124-2-00026,0.19
41698475,FBIS3-23561,0.0
41698475,FR940407-2-00084,0.0
41698475,LA112890-0007,1.0
41698475,FT921-6003,1.0
41698475,FR940224-2-00100,1.0
41698475,FR940304-1-00061,1.0
41698475,LA100789-0110,0.0
41698475,LA061589-0085,0.0
39499917,FR940407-2-00084,0.5
39499917,FBIS3-37947,0.0
39499917,LA111190-0042,0.22
39499917,LA012589-0100,0.48
39499917,FT941-469,0.29
39499917,FT921-6003,1.0
39499917,FBIS3-41458,0.4
39499917,FR940428-2-00145,0.3
28375885,FR940407-2-00084,0.0
28375885,FR941221-0-00054,0.0
28375885,FT921-6003,1.0
28375885,LA052489-0044,0.0
28375885,FT932-9729,0.0
28375885,FR940127-1-00057,0.19
28375885,FR940418-1-00038,0.0
28375885,FR940203-0-00069,0.0
41704307,FBIS4-2652,0.0
41704307,FR940407-2-00084,0.0
41704307,FR940114-2-00084,0.0
41704307,FT921-6003,1.0
41704307,LA040590-0148,0.0
41704307,LA091989-0120,0.0
35391158,FT921-6003,0.2
35391158,FR940404-1-00046,0.0
35391158,FBIS3-41666,0.03
35391158,FR941216-2-00101,0.11
35391158,FR940407-2-00084,0.0
35391158,FBIS4-7236,0.0
35391158,LA102090-0048,0.69
29793616,FT941-2746,0.9
29793616,LA082889-0023,0.9
29793616,FR940119-1-00019,0.1
29793616,FR940419-1-00035,0.8
29793616,LA071989-0024,0.1
29793616,FR940407-2-00084,0.1
29793616,FT921-6003,1.0
29793616,LA050889-0063,0.9
34292280,FBIS3-26515,0.56
34292280,LA030689-0010,0.28
34292280,FT933-5757,0.0
34292280,FR941013-0-00029,0.0
34292280,FR940407-2-00084,0.0
34292280,FR940831-1-00024,0.5
34292280,FT921-6003,0.68
34292280,FT921-9483,0.0
41223918,FR940513-2-00150,0.0
41223918,FR941103-0-00137,0.95
41223918,FBIS3-40450,0.0
41223918,FR940616-1-00014,0.0
41223918,FR940407-2-00084,0.0
41223918,FT921-6003,1.0
41223918,FR940404-2-00188,0.04
41223918,LA060489-0148,0.0
23287154,FR940407-2-00084,0.15
23287154,FBIS4-25719,0.0
23287154,FT934-17003,0.75
23287154,FBIS4-66185,0.0
23287154,FBIS4-21346,0.9
23287154,FT921-6003,0.48
23287154,FT943-8480,0.92
20816150,FR940407-2-00084,0.0
20816150,FT921-6098,0.8
20816150,FR941104-1-00046,0.0
20816150,FT921-6003,1.0
20816150,FR940913-2-00005,0.0
20816150,FR940405-1-00010,0.0
20816150,FBIS4-53334,0.0
40646806,FR940617-2-00145,1.0
40646806,FR940119-1-00055,0.0
40646806,FT921-6003,1.0
40646806,FR940407-2-00084,0.0
40646806,FR941227-1-00039,0.0
40646806,FR940513-2-00135,0.07
40646806,FR941103-0-00149,1.0
39036564,FR940407-2-00084,0.0
39036564,LA080289-0011,0.5
39036564,FT933-2396,1.0
39036564,FT921-6003,1.0
39036564,FBIS3-36047,0.0
39036564,FR940204-0-00062,0.0
39036564,FR940513-2-00134,0.0
39036564,FT934-9827,0.0
35941984,FBIS4-45625,0.25
35941984,FR940419-1-00034,0.8
35941984,FT921-6003,1.0
35941984,LA012389-0086,0.0
35941984,FR940407-2-00084,0.15
35941984,FR940706-2-00104,0.0
35941984,FT944-13865,0.0
38915946,FR940407-2-00084,0.75
38915946,LA122390-0061,0.76
38915946,FR940810-2-00084,0.84
38915946,FBIS3-36078,0.0
38915946,FT921-6003,1.0
38915946,FBIS3-44609,0.0
38915946,FR941104-1-00045,1.0
38932201,FT941-1511,0.93
38932201,FBIS4-67515,0.69
38932201,FT941-15415,0.82
38932201,LA071889-0158,1.0
38932201,FR940407-2-00084,0.71
38932201,FT921-6003,0.74
38932201,LA011589-0122,1.0
42972939,LA100789-0110,1.0
42972939,FR940407-2-00084,0.0
42972939,FR940617-2-00145,1.0
42972939,FR940810-2-00084,1.0
42972939,FT921-6003,1.0
42972939,FBIS4-20504,0.0
42972939,FT921-6846,1.0
42972939,LA102090-0048,1.0
41826766,LA050489-0010,0.98
41826766,FR940407-2-00084,0.8
41826766,FR941102-0-00085,0.45
41826766,FBIS4-49234,0.6
41826766,FT921-6003,1.0
41826766,FBIS4-21360,0.9
41826766,FR941103-0-00145,0.98
41826766,FT942-10464,0.95
41143122,FR940804-1-00051,0.17
41143122,FT944-13865,0.0
41143122,FR941221-0-00054,0.0
41143122,LA010190-0024,0.09
41143122,FR940407-2-00084,0.06
41143122,FT921-6003,1.0
41143122,FR940513-2-00150,0.04
41143122,LA082889-0023,0.11
35849301,FT921-6003,0.2
35849301,FR940526-0-00051,0.03
35849301,FR940124-2-00024,0.85
35849301,FR941212-2-00065,0.02
35849301,LA092189-0193,0.01
35849301,FR940407-2-00084,0.05
35849301,FT943-8480,0.96
35849301,FT941-2746,0.06
26942828,FR940407-2-00084,0.0
26942828,LA052489-0044,0.0
26942828,LA112689-0095,0.0
26942828,FBIS4-45625,0.0
26942828,FT921-6003,1.0
26942828,FBIS4-53334,0.0
38827747,FT921-6003,0.5
38827747,FBIS3-41666,0.57
38827747,FR940119-1-00055,0.07
38827747,FBIS4-7236,0.34
38827747,FR940407-2-00084,0.06
38827747,FR941104-1-00054,0.42
38827747,FR940204-0-00062,0.34
38827747,LA080289-0011,0.3
34523105,FR940407-2-00084,0.0
34523105,FBIS4-68402,0.3
34523105,FR940404-2-00188,0.5
34523105,FBIS4-40948,0.26
34523105,FT921-6003,1.0
34523105,FR940831-1-00024,0.0
34523105,FBIS4-41505,1.0
34523105,FR940203-2-00039,0.0
33565158,FT944-8277,0.0
33565158,FR940407-2-00084,0.0
33565158,FBIS3-22399,0.0
33565158,FT921-6003,1.0
33565158,FT933-7330,1.0
33565158,LA050889-0063,1.0
33565158,FR940124-2-00026,0.0
37030121,FR940407-2-00084,0.1
37030121,LA012490-0111,0.0
37030121,FT921-6003,1.0
37030121,FR941013-0-00029,0.09
37030121,FT921-9483,0.2
37030121,FBIS4-51227,0.29
37030121,LA030190-0146,1.0
37030121,FT942-17238,1.0
32655193,FT941-5453,0.1
32655193,FBIS4-21346,0.81
32655193,FR940114-2-00084,0.0
32655193,FR940419-1-00035,0.0
32655193,FR940407-2-00084,0.8
32655193,FR940203-2-00041,0.0
32655193,FT921-6003,0.85
32655193,FT933-13637,0.09
33313161,FR941227-1-00039,1.0
33313161,FT941-469,0.0
33313161,FT921-6003,0.5
33313161,FBIS3-37947,0.0
33313161,FBIS3-41458,0.5
33313161,FBIS3-60342,0.0
33313161,FR940407-2-00084,0.0
33313161,FT934-17003,0.5
30129659,FR940407-2-00084,0.6
30129659,FT934-9827,0.0
30129659,FBIS3-36047,0.0
30129659,FR940404-2-00007,0.9
30129659,FR941130-0-00122,0.3
30129659,FT921-6003,1.0
30129659,FBIS3-36078,0.0
30129659,FBIS4-45779,1.0
28961801,FBIS3-23561,0.06
28961801,FR940505-2-00064,0.77
28961801,LA062290-0170,0.79
28961801,FR940407-2-00084,0.25
28961801,FR940328-1-00016,0.31
28961801,FT921-6003,0.68
28961801,FT933-9176,0.58
28961801,LA021190-0107,0.35
36293480,FBIS3-59751,0.16
36293480,FR940407-2-00084,0.1
36293480,LA071590-0042,0.2
36293480,FR940902-1-00055,0.7
36293480,LA040590-0148,0.87
36293480,FT921-6003,0.94
36293480,FT934-17004,0.87
40820516,FT921-6003,0.6
40820516,FR940407-2-00084,0.0
40820516,FBIS3-44609,0.0
40820516,FR940719-1-00028,0.1
40820516,FR940913-2-00006,0.0
40820516,FR940418-1-00038,0.29
40820516,LA030189-0109,0.61
40820516,FBIS3-60235,0.96
40575458,FBIS3-35786,0.0
40575458,FT921-6003,1.0
40575458,LA091989-0120,0.0
40575458,FR941116-2-00005,0.0
40575458,FR940407-2-00084,0.0
40575458,FR940419-1-00034,0.0
40575458,LA091789-0067,0.0
35758704,LA030689-0010,0.96
35758704,FR940816-1-00064,0.19
35758704,FR941207-0-00114,0.1
35758704,FBIS3-36163,0.02
35758704,FBIS3-22269,0.5
35758704,FR940407-2-00084,0.14
35758704,FT921-6003,0.8
35758704,LA082390-0002,0.09
39934712,FBIS3-43569,0.13
39934712,FT932-9729,0.14
39934712,FT921-6003,0.81
39934712,FBIS3-40450,0.13
39934712,FBIS4-61857,0.82
39934712,FR940407-2-00084,0.1
39934712,LA021990-0093,0.14
18666417,FR941104-1-00047,0.0
18666417,FR940902-1-00085,0.0
18666417,LA031589-0004,0.0
18666417,FT941-15145,0.0
18666417,FT921-6003,1.0
18666417,FT934-12959,0.4
18666417,FR940407-2-00084,0.0
18666417,FR940203-0-00068,0.0
36472590,FT921-6003,0.71
36472590,FR940621-2-00020,0.09
36472590,FR940407-2-00084,0.2
36472590,FR940224-2-00100,0.1
36472590,FT921-9502,0.79
36472590,FR940304-1-00061,0.14
36472590,FR940513-2-00135,0.1
41009392,FT933-5757,0.92
41009392,LA012589-0100,0.97
41009392,FR940407-2-00084,0.88
41009392,FT921-6003,0.96
41009392,LA041990-0069,0.02
41009392,FT932-12511,0.9
41009392,FBIS3-48902,0.89
41009392,FBIS3-26515,0.95
33094230,FR940405-1-00010,0.03
33094230,LA010889-0164,0.05
33094230,FR941026-2-00037,0.01
33094230,FT921-6003,0.33
33094230,FR940407-2-00084,0.12
33094230,FT941-15410,0.11
33094230,LA050490-0103,0.36
33116451,LA051389-0024,0.0
33116451,FR940407-2-00084,0.1
33116451,FT924-8995,0.0
33116451,FT921-6003,0.9
33116451,LA071989-0024,0.89
33116451,FBIS4-66382,0.08
33116451,FR940616-1-00014,0.0
36268643,LA111190-0042,0.0
36268643,FR941104-2-00070,0.0
36268643,FT921-6003,1.0
36268643,FR940407-2-00084,0.0
36268643,FBIS3-41533,1.0
36268643,FR940328-1-00056,0.0
36268643,FR940616-1-00016,0.0
36268643,FT921-6098,0.0
42544704,FBIS4-25719,0.0
42544704,LA060489-0148,0.0
42544704,FT921-6003,1.0
42544704,FR940407-2-00084,0.0
42544704,FR940513-2-00134,0.0
42544704,FR940127-1-00057,0.0
42544704,FBIS4-2652,1.0
42910782,LA122390-0061,0.02
42910782,FBIS3-60340,0.98
42910782,FBIS3-3779,0.0
42910782,FT921-6003,0.54
42910782,FT941-4198,0.0
42910782,FR940407-2-00084,0.01
42910782,LA112890-0007,0.96
42216696,FR940407-2-00084,0.1
42216696,FT921-6003,0.8
42216696,LA061589-0085,0.3
42216696,FR941103-0-00149,0.5
42216696,FBIS3-26834,0.4
42216696,FR940203-0-00069,0.3
34894685,LA012389-0086,0.0
34894685,LA032289-0086,0.31
34894685,FR940407-2-00084,0.01
34894685,LA092489-0103,0.8
34894685,LA100789-0152,0.89
34894685,FT921-6003,0.78
34894685,FT933-2396,0.87
40056803,FR940407-2-00084,0.0
40056803,LA022689-0070,0.0
40056803,FR940414-2-00005,1.0
40056803,LA100989-0033,1.0
40056803,FR941104-1-00055,1.0
40056803,FT921-6003,1.0
40056803,FR940913-2-00005,0.0
40056803,FBIS3-4463,0.0
32591740,FBIS4-20472,0.0
32591740,FR941216-2-00101,0.0
32591740,FR940722-2-00011,0.0
32591740,FT921-6003,0.6
32591740,FBIS4-66185,0.0
32591740,FR940407-2-00084,0.0
32591740,FBIS4-67534,0.7
33477274,FT921-6003,0.86
33477274,FR940428-2-00145,0.45
33477274,FBIS3-4051,0.25
33477274,FR940404-1-00046,0.94
33477274,FR940407-2-00084,0.15
33477274,FR940720-1-00047,0.35
33477274,FR940314-1-00037,0.16
35607359,FR940407-2-00084,0.11
35607359,FT921-6003,1.0
35607359,LA050989-0070,0.07
35607359,FR941104-1-00046,0.1
35607359,FT922-12941,0.0
35607359,FR940603-0-00118,0.34
35607359,FR941103-0-00137,0.64
35607359,LA121990-0130,0.02
6602680,FR940407-2-00084,0.0
6602680,FT921-6003,1.0
6602680,FR940119-1-00019,0.0
6602680,LA030390-0100,0.88
6602680,FR940706-2-00104,0.0
6602680,FT941-15416,1.0
6602680,FR940802-2-00084,0.0
6602680,FR941104-1-00045,0.99
15004831,FT921-6003,1.0
15004831,FBIS4-67533,0.0
15004831,FR940407-2-00084,0.01
15004831,LA062189-0059,1.0
15004831,FR940927-0-00113,1.0
15004831,FR941013-0-00032,0.02
15004831,FT941-1761,0.99
39134636,FBIS3-40450,0.0
39134636,FT943-8480,0.97
39134636,FT944-8277,0.97
39134636,FT921-6003,0.97
39134636,FR940407-2-00084,0.9
39134636,LA021190-0107,0.9
39134636,FR940603-0-00118,0.54
42128050,LA030390-0100,0.3
42128050,FR940407-2-00084,0.09
42128050,FR941212-2-00065,0.09
42128050,FT933-7330,0.9
42128050,FBIS4-51227,0.6
42128050,FT921-6003,1.0
42128050,LA112689-0095,0.0
41956733,FR940304-1-00061,0.0
41956733,FT921-6003,1.0
41956733,FR940407-2-00084,0.0
41956733,FR940526-0-00051,0.0
41956733,FR940124-2-00026,0.25
41956733,FR940419-1-00035,0.0
38934292,FR940407-2-00084,0.16
38934292,FBIS3-26834,0.59
38934292,FR941103-0-00145,0.24
38934292,FR941026-2-00037,0.44
38934292,LA030190-0146,0.5
38934292,FT921-6003,0.75
38934292,LA062189-0059,0.57
38934292,FBIS4-21346,0.55
32963386,LA010190-0024,0.0
32963386,FBIS3-22399,0.7
32963386,FT921-6003,1.0
32963386,FR941103-0-00137,0.29
32963386,FR940407-2-00084,0.01
32963386,FBIS3-60340,0.2
32963386,FR940119-1-00055,0.2
32963386,FR940902-1-00085,0.5
38115257,FR940203-2-00039,0.0
38115257,FT921-6003,1.0
38115257,LA100989-0033,1.0
38115257,LA061589-0085,0.0
38115257,FR940407-2-00084,0.0
38115257,LA091989-0120,0.0
38115257,FR941104-1-00047,0.0
38115257,LA112890-0007,1.0
38182446,FT921-6003,1.0
38182446,FR940616-1-00014,0.07
38182446,FR940407-2-00084,0.0
38182446,FR940405-1-00010,0.0
38182446,LA100789-0110,0.2
38182446,FR941227-1-00039,0.1
38182446,FBIS3-41666,0.0
32320011,FR940203-0-00069,0.0
32320011,FR940407-2-00084,0.0
32320011,FT932-9729,0.0
32320011,FT922-12941,0.0
32320011,FT941-4198,0.0
32320011,FT921-6003,1.0
32320011,LA080289-0011,0.0
32320011,FR940902-1-00055,0.0
43327421,FR941207-0-00114,1.0
43327421,FT921-6003,1.0
43327421,FBIS4-25719,0.2
43327421,LA010889-0164,1.0
43327421,FR940407-2-00084,0.8
43327421,FBIS4-53334,0.3
43327421,FBIS3-26515,1.0
42424163,FR940513-2-00135,0.0
42424163,LA041990-0069,0.0
42424163,FBIS4-41505,0.0
42424163,FT921-6846,0.84
42424163,FT921-6003,0.95
42424163,FR940407-2-00084,0.0
42424163,LA082889-0023,0.36
42424163,FR940418-1-00038,0.0
36380573,FBIS3-59751,0.29
36380573,FR940404-2-00007,0.5
36380573,FBIS4-7236,0.09
36380573,FBIS4-49234,0.5
36380573,FT921-6003,0.87
36380573,FR940407-2-00084,0.22
36380573,FR940119-1-00019,0.14
36380573,FR940831-1-00024,0.5
37464671,FT921-6003,0.8
37464671,LA092189-0193,0.1
37464671,FR940407-2-00084,0.0
37464671,FT934-12959,0.5
37464671,FBIS3-36078,0.0
37464671,FT942-17238,0.5
37464671,FR940810-2-00084,0.2
37464671,LA060489-0148,0.4
31275478,FR940407-2-00084,0.0
31275478,FT921-6003,1.0
31275478,FR940913-2-00005,0.0
31275478,FR940328-1-00016,0.0
31275478,FR941104-2-00070,0.1
31275478,FBIS3-43569,0.0
31275478,FT933-13637,0.4
38128935,FT933-2396,0.86
38128935,LA031589-0004,0.42
38128935,FR940407-2-00084,0.14
38128935,FT921-6003,0.86
38128935,FBIS3-4463,0.84
38128935,FR940706-2-00104,0.57
38128935,FR941104-1-00055,0.8
42762599,FT921-6003,0.83
42762599,FBIS3-37947,0.06
42762599,FR940617-2-00145,0.11
42762599,FR940407-2-00084,0.13
42762599,FR940616-1-00016,0.14
42762599,FT941-15415,0.74
42762599,FBIS4-20504,0.06
42762599,FBIS3-4051,0.19
37097770,FBIS3-60235,0.9
37097770,FBIS3-36047,0.06
37097770,FR940404-1-00046,0.7
37097770,FR940414-2-00005,0.85
37097770,FT921-6003,0.94
37097770,FR940407-2-00084,0.21
37097770,FR940621-2-00020,0.08
37097770,LA050490-0103,0.07
25864227,FR940407-2-00084,0.66
25864227,LA011589-0122,0.75
25864227,FR941221-0-00054,0.08
25864227,LA100789-0152,0.79
25864227,LA012490-0111,0.68
25864227,LA071590-0042,0.65
25864227,FT921-6003,0.83
25864227,FR941104-1-00046,0.73
33566803,LA071989-0024,0.62
33566803,LA051389-0024,0.61
33566803,FBIS4-67533,0.56
33566803,FR940513-2-00150,0.32
33566803,FR940124-2-00024,0.3
33566803,FR940407-2-00084,0.34
33566803,FT921-6003,0.7
33566803,FR940428-2-00145,0.26
35697932,FBIS4-67515,0.02
35697932,FT941-2746,0.19
35697932,LA012389-0086,0.01
35697932,FBIS3-41458,0.22
35697932,FT921-6003,1.0
35697932,FBIS4-21360,0.05
35697932,FR940407-2-00084,0.01
35697932,FBIS3-22269,0.21
41125235,FR940407-2-00084,0.07
41125235,FR941013-0-00029,0.05
41125235,FR940419-1-00034,0.24
41125235,FT921-6003,0.94
41125235,FR940816-1-00064,0.5
41125235,FR940722-2-00011,0.2
41125235,FR940328-1-00056,0.06
41125235,FR940224-2-00100,0.7
35196805,FBIS4-67534,0.59
35196805,FT924-8995,0.71
35196805,FR940407-2-00084,0.0
35196805,LA102090-0048,0.76
35196805,FT921-6003,0.68
35196805,FBIS3-35786,0.0
35196805,FR940203-2-00041,0.0
35196805,FR941116-2-00005,0.09
41398442,FR940407-2-00084,0.0
41398442,LA052489-0044,0.0
41398442,FBIS4-61857,0.0
41398442,FR940404-2-00188,0.0
41398442,FR941216-2-00101,0.7
41398442,FT921-6003,0.9
41398442,FR940927-0-00113,0.0
41398442,FR941130-0-00122,0.0
42127290,FR940407-2-00084,0.0
42127290,FBIS4-45625,0.0
42127290,LA050889-0063,0.7
42127290,FR941104-1-00054,1.0
42127290,FBIS4-45779,0.8
42127290,FT921-6098,0.6
42127290,FT921-6003,0.5
42127290,LA050989-0070,0.0
37958983,LA082390-0002,0.0
37958983,FBIS4-40948,0.9
37958983,FR940407-2-00084,0.0
37958983,FT942-10464,0.2
37958983,FR940203-0-00068,0.0
37958983,FT921-6003,0.8
37958983,FT941-5453,0.8
37958983,FT941-1511,0.1
40944708,FT921-6003,0.86
40944708,FBIS4-68402,0.68
40944708,LA030189-0109,0.95
40944708,FR941102-0-00085,0.2
40944708,LA062290-0170,0.3
40944708,FR940407-2-00084,0.25
40944708,FR941013-0-00032,1.0
37375184,FBIS3-23561,0.01
37375184,FBIS3-3779,0.93
37375184,FT921-6003,0.99
37375184,FR940407-2-00084,0.02
37375184,FBIS3-36163,0.0
37375184,FR940127-1-00057,0.55
30499266,FR940513-2-00134,0.31
30499266,FT933-5757,0.37
30499266,LA122390-0061,0.54
30499266,FT921-6003,0.76
30499266,FR940407-2-00084,0.44
30499266,FR940802-2-00084,0.4
30499266,FT941-469,0.74
30499266,FT932-12511,0.59
20485371,FR940407-2-00084,0.02
20485371,FBIS3-60342,0.5
20485371,LA121990-0130,0.29
20485371,FT921-6003,0.91
20485371,LA050489-0010,0.8
20485371,FT934-9827,0.0
20485371,FT944-13865,0.01
37917526,LA030689-0010,1.0
37917526,FT921-6003,1.0
37917526,LA032289-0086,0.0
37917526,FR940407-2-00084,0.0
37917526,FBIS4-66185,0.0
37917526,FT941-15410,0.0
37917526,LA022689-0070,0.1
37917526,LA071889-0158,0.0
40925305,FT941-15416,0.3
40925305,FBIS4-20472,0.0
40925305,FR940913-2-00006,0.02
40925305,LA111190-0042,0.99
40925305,FR940407-2-00084,0.02
40925305,FT921-6003,1.0
40925305,FBIS4-2652,0.09
40925305,FBIS3-44609,0.0
41976983,FT921-6003,0.91
41976983,FBIS3-41533,0.87
41976983,FR940804-1-00051,0.16
41976983,FT921-9502,0.81
41976983,FR940407-2-00084,0.0
41976983,LA092489-0103,0.55
41976983,FT941-15145,0.0
25538533,FR940114-2-00084,0.09
25538533,FR940407-2-00084,0.11
25538533,FR940505-2-00064,0.88
25538533,FT921-6003,0.85
25538533,LA021990-0093,0.2
25538533,LA012589-0100,0.29
25538533,FBIS4-66382,0.22
42010722,FR940204-0-00062,0.0
42010722,FT921-9483,0.0
42010722,FR941103-0-00149,0.08
42010722,FT921-6003,0.93
42010722,FR941104-1-00045,0.72
42010722,FR940407-2-00084,0.0
43151235,FR940314-1-00037,0.0
43151235,FT934-17003,0.95
43151235,FT921-6003,0.9
43151235,FBIS3-48902,0.91
43151235,FR940407-2-00084,0.5
43151235,LA040590-0148,0.0
40762757,FR940720-1-00047,0.88
40762757,FR940407-2-00084,0.17
40762757,FT941-1761,0.16
40762757,LA091789-0067,0.07
40762757,FT921-6003,1.0
40762757,FR940719-1-00028,0.18
40762757,FT934-17004,0.62
40762757,FT933-9176,0.76
25411600,FR940328-1-00016,0.31
25411600,FT921-6003,0.94
25411600,FR940621-2-00020,0.25
25411600,FBIS4-67515,0.0
25411600,FR940407-2-00084,0.0
25411600,LA041990-0069,0.0
25411600,FBIS4-2652,0.72
39601392,FR940404-2-00007,0.97
39601392,FR940810-2-00084,0.98
39601392,FT934-17004,0.98
39601392,FBIS4-21360,0.08
39601392,FR940407-2-00084,0.04
39601392,FT921-6003,0.95
39601392,LA100789-0152,0.97
30336781,FR941104-1-00055,0.7
30336781,FT921-6003,0.85
30336781,FBIS3-35786,0.0
30336781,FR940418-1-00038,0.5
30336781,FR940407-2-00084,0.5
30336781,LA121990-0130,0.0
30336781,FT934-17003,0.65
33675441,FT922-12941,0.0
33675441,FR940407-2-00084,0.13
33675441,FT921-6003,1.0
33675441,LA050489-0010,0.5
33675441,FR940617-2-00145,0.11
33675441,FR940428-2-00145,0.0
33675441,FT941-4198,0.08
36260550,FR940603-0-00118,0.8
36260550,FT921-6003,0.75
36260550,LA050889-0063,0.71
36260550,FR940127-1-00057,0.73
36260550,LA071889-0158,0.83
36260550,FR940407-2-00084,0.25
36260550,FR941116-2-00005,0.5
37298088,FR940407-2-00084,0.0
37298088,FT921-6003,1.0
37298088,FT934-12959,1.0
37298088,FBIS3-3779,1.0
37298088,LA060489-0148,0.0
37298088,FT942-17238,1.0
37298088,FR940720-1-00047,1.0
41965819,LA092189-0193,0.0
41965819,FR941104-1-00046,1.0
41965819,FR940407-2-00084,0.0
41965819,FT921-6003,1.0
41965819,FBIS3-41533,1.0
41965819,FBIS4-66185,0.0
41965819,FBIS3-37947,0.0
42743317,FT921-6003,0.9
42743317,LA012389-0086,0.0
42743317,LA010889-0164,0.0
42743317,FT934-9827,0.0
42743317,FR940407-2-00084,0.3
42743317,FR940304-1-00061,0.2
42743317,FR941104-1-00045,0.2
42743317,FR940203-0-00069,0.3
40580385,FR940419-1-00034,0.0
40580385,LA021190-0107,0.0
40580385,FR940407-2-00084,0.0
40580385,FT921-6003,1.0
40580385,FT933-7330,0.97
40580385,FR940902-1-00055,0.87
40580385,LA071989-0024,0.97
40580385,LA062189-0059,0.0
37780823,FT921-6003,0.43
37780823,FR941104-1-00054,0.32
37780823,FR940407-2-00084,0.1
37780823,LA112890-0007,0.1
37780823,FR940203-2-00041,0.1
37780823,FT944-8277,0.44
37780823,FBIS3-4463,0.41
37780823,FT933-2396,0.46
36234638,FBIS4-7236,0.8
36234638,FT941-15415,0.8
36234638,FT933-13637,0.2
36234638,FT924-8995,0.0
36234638,FT921-6003,0.9
36234638,FR940407-2-00084,0.2
36234638,FR940119-1-00055,0.0
36592014,FT943-8480,1.0
36592014,FR940407-2-00084,0.0
36592014,FR940119-1-00019,0.0
36592014,FBIS4-41505,0.0
36592014,FT921-6003,1.0
36592014,LA111190-0042,0.1
36592014,FBIS3-48902,0.9
36592014,FR940913-2-00005,0.0
41125510,FR940513-2-00150,0.55
41125510,FBIS4-20472,0.2
41125510,FBIS3-22269,1.0
41125510,FBIS3-36078,0.0
41125510,FT921-6003,1.0
41125510,LA030189-0109,1.0
41125510,FR940407-2-00084,0.65
41125510,LA021990-0093,0.66
41726289,FT921-6003,0.9
41726289,FBIS4-61857,0.7
41726289,FT941-15145,0.0
41726289,FR941221-0-00054,0.0
41726289,FR940407-2-00084,0.8
41726289,FT944-13865,0.0
41726289,FBIS3-26834,0.7
41726289,FBIS4-68402,0.7
38924796,FT921-6003,0.9
38924796,FT941-1511,0.1
38924796,FT941-15410,0.1
38924796,FR940719-1-00028,0.09
38924796,FR940407-2-00084,0.2
38924796,LA050989-0070,0.3
38924796,FBIS4-67534,0.3
17887363,FR940407-2-00084,0.44
17887363,FBIS3-41458,0.6
17887363,FR941104-1-00047,0.54
17887363,FT921-6003,0.75
17887363,FR940616-1-00014,0.76
17887363,FBIS4-67533,0.85
17887363,FR941216-2-00101,0.13
17887363,FBIS3-59751,0.44
29674710,FR941104-2-00070,0.4
29674710,FR940407-2-00084,0.35
29674710,FR940224-2-00100,0.46
29674710,LA011589-0122,0.81
29674710,LA012589-0100,0.8
29674710,LA100989-0033,0.81
29674710,FT921-6003,0.75
29674710,LA030689-0010,0.81
40722460,FR941207-0-00114,0.0
40722460,FR940314-1-00037,0.0
40722460,FT921-6003,1.0
40722460,FR940902-1-00085,0.0
40722460,FR940407-2-00084,0.0
40722460,FT941-469,1.0
40722460,FBIS3-43569,0.0
27237845,FR941013-0-00032,0.02
27237845,FT921-6003,0.78
27237845,FT933-9176,0.71
27237845,FR940407-2-00084,0.06
27237845,FT921-6098,0.7
27237845,LA050490-0103,0.05
27237845,FR941130-0-00122,0.06
42336321,FR940407-2-00084,0.15
42336321,LA112689-0095,0.0
42336321,FR940405-1-00010,0.1
42336321,LA080289-0011,0.83
42336321,FT921-6003,0.96
42336321,FT941-2746,0.91
42336321,FT921-9502,0.9
42336321,LA100789-0110,0.12
41571503,FT921-9483,0.0
41571503,FBIS3-36047,0.0
41571503,LA022689-0070,0.0
41571503,FT921-6003,1.0
41571503,LA091789-0067,0.0
41571503,LA091989-0120,0.0
41571503,FR940407-2-00084,0.0
41571503,FBIS4-53334,0.0
34114378,LA051389-0024,0.0
34114378,FR940124-2-00024,0.0
34114378,FT921-6003,1.0
34114378,FR940407-2-00084,0.0
34114378,FR940505-2-00064,1.0
34114378,FBIS4-40948,1.0
39292832,FBIS4-21346,0.4
39292832,FT921-6003,0.6
39292832,LA092489-0103,0.5
39292832,FR940927-0-00113,0.6
39292832,FR940328-1-00056,0.81
39292832,FR940414-2-00005,0.7
39292832,FR940407-2-00084,0.1
39292832,FR941102-0-00085,0.05
34930830,LA040590-0148,1.0
34930830,FT921-6003,1.0
34930830,FR940407-2-00084,0.58
34930830,FBIS3-36163,0.0
34930830,FBIS3-60235,0.95
34930830,FBIS4-51227,0.14
34930830,FBIS3-22399,0.96
41624401,FR941103-0-00137,0.2
41624401,FR940407-2-00084,0.0
41624401,FT921-6003,1.0
41624401,LA030190-0146,0.8
41624401,FBIS3-44609,0.0
41624401,FR940203-2-00039,0.59
41624401,FR940513-2-00135,0.15
29916013,LA061589-0085,0.0
29916013,FBIS4-49234,0.87
29916013,FT921-6003,1.0
29916013,LA012490-0111,0.0
29916013,FBIS3-60342,0.0
29916013,FR940407-2-00084,0.0
29916013,LA062290-0170,1.0
29916013,FR941026-2-00037,0.0
18713485,LA082889-0023,0.42
18713485,FT921-6003,0.9
18713485,FR940407-2-00084,0.09
18713485,LA010190-0024,0.0
18713485,FR941227-1-00039,0.7
18713485,FBIS4-25719,0.0
18713485,FT941-15416,0.73
18713485,FR940513-2-00134,0.24
42367176,FR940407-2-00084,0.0
42367176,FR940203-0-00068,0.0
42367176,FR940419-1-00035,1.0
42367176,FR940204-0-00062,0.0
42367176,LA082390-0002,0.0
42367176,FR940722-2-00011,0.0
42367176,FT921-6003,1.0
42367176,FR940816-1-00064,1.0
37637336,FR941013-0-00029,0.0
37637336,FBIS3-41666,0.9
37637336,FR940404-1-00046,0.91
37637336,FBIS4-66382,0.0
37637336,FT921-6003,0.92
37637336,LA052489-0044,0.0
37637336,FR940407-2-00084,0.0
37637336,FR940526-0-00051,0.0
40456934,FT933-5757,0.79
40456934,LA122390-0061,0.8
40456934,FR940407-2-00084,0.0
40456934,FT932-12511,0.8
40456934,FBIS3-23561,0.3
40456934,FT921-6003,0.9
40456934,FT932-9729,0.1
39822741,LA030390-0100,0.0
39822741,FBIS4-45625,0.0
39822741,FR940913-2-00006,0.0
39822741,FT941-5453,1.0
39822741,FR940407-2-00084,0.0
39822741,FT921-6003,1.0
39822741,FBIS3-40450,0.0
42510932,FR940407-2-00084,0.05
42510932,FR940706-2-00104,0.05
42510932,FR940802-2-00084,0.1
42510932,FR941212-2-00065,0.05
42510932,FR940124-2-00026,0.15
42510932,FR941103-0-00145,0.4
42510932,FT921-6003,0.75
42510932,FR941103-0-00149,0.25
32556998,LA102090-0048,0.7
32556998,FT941-1761,0.1
32556998,FR940407-2-00084,0.87
32556998,FBIS3-60340,0.9
32556998,LA071590-0042,0.0
32556998,FR940114-2-00084,0.9
32556998,FT921-6003,0.97
32556998,FBIS4-20504,0.0
11134538,FT942-10464,0.81
11134538,FR940831-1-00024,0.0
11134538,FT921-6003,0.96
11134538,FBIS3-4051,0.86
11134538,FR940407-2-00084,0.0
11134538,FR940404-2-00188,0.0
11134538,FBIS3-26515,0.88
11134538,FT921-6846,0.81
37693831,FR940804-1-00051,0.0
37693831,FBIS4-45779,0.85
37693831,FT921-6003,0.95
37693831,FR940407-2-00084,0.0
37693831,LA032289-0086,0.05
37693831,FR940616-1-00016,0.0
37693831,LA031589-0004,0.0
34284540,FR940407-2-00084,0.08
34284540,FBIS4-67534,0.95
34284540,FR941130-0-00122,0.2
34284540,LA032289-0086,0.99
34284540,FT921-6003,0.94
34284540,FT944-8277,0.5
34284540,FR940419-1-00035,0.26
41728806,FT921-6003,1.0
41728806,FR940127-1-00057,0.0
41728806,FR941103-0-00145,0.0
41728806,LA030390-0100,1.0
41728806,FR940603-0-00118,0.0
41728806,FR940407-2-00084,0.0
41728806,FR940119-1-00055,0.0
41728806,LA082390-0002,0.0
40609199,FT941-15416,0.91
40609199,FR940902-1-00055,0.02
40609199,FR940407-2-00084,0.0
40609199,FBIS4-20472,0.0
40609199,FR940428-2-00145,0.0
40609199,FT921-6003,1.0
40609199,FBIS4-2652,0.0
40609199,FBIS4-67533,0.0
36603824,FT921-6003,0.93
36603824,FBIS3-36078,0.0
36603824,FR940407-2-00084,0.0
36603824,FR940124-2-00026,0.04
36603824,LA111190-0042,0.02
36603824,FBIS3-40450,0.0
36603824,FT941-15410,0.0
36603824,FR940513-2-00134,0.0
11037138,FR940407-2-00084,0.0
11037138,FR940513-2-00150,1.0
11037138,LA030190-0146,0.0
11037138,FBIS4-66185,0.0
11037138,FT921-6003,1.0
11037138,FR940414-2-00005,0.0
11037138,FR940902-1-00085,0.0
34167968,FR940407-2-00084,0.1
34167968,FT921-6003,1.0
34167968,FR941116-2-00005,0.8
34167968,FR940203-2-00041,0.98
34167968,FBIS4-41505,1.0
34167968,FR940810-2-00084,1.0
34167968,LA071590-0042,0.0
23228736,FR941104-2-00070,0.3
23228736,FR940407-2-00084,0.33
23228736,FT921-6003,0.91
23228736,LA022689-0070,0.93
23228736,FR940114-2-00084,0.63
23228736,FR941013-0-00032,0.24
31784676,FT933-13637,0.88
31784676,FT921-6003,0.83
31784676,LA050489-0010,0.53
31784676,FR940407-2-00084,0.11
31784676,FBIS3-4463,0.22
31784676,LA100789-0110,0.4
31784676,FT941-1511,0.07
28835210,FR940407-2-00084,0.0
28835210,LA091789-0067,0.5
28835210,FT921-6003,0.5
28835210,LA112890-0007,0.19
28835210,FBIS3-59751,0.09
28835210,FT921-6846,0.3
28835210,LA062290-0170,0.09
28835210,LA021190-0107,0.29
37304183,FT921-9502,0.93
37304183,FR940407-2-00084,0.1
37304183,LA121990-0130,0.06
37304183,LA010889-0164,0.12
37304183,FR940404-2-00188,0.06
37304183,FT921-6003,0.95
37304183,LA030189-0109,0.88
38920658,FR941103-0-00149,0.0
38920658,FR940831-1-00024,0.0
38920658,FR940722-2-00011,0.0
38920658,FR940407-2-00084,0.0
38920658,FT921-6003,0.98
38920658,FR940328-1-00016,0.0
38920658,FT941-469,0.0
38920658,FR940203-0-00069,0.0
41666244,FR940328-1-00056,0.96
41666244,LA012589-0100,0.89
41666244,FR940407-2-00084,0.05
41666244,LA021990-0093,0.05
41666244,FT921-6003,1.0
41666244,FR940203-0-00068,0.01
41666244,FR940418-1-00038,0.02
41666244,FR941221-0-00054,0.0
39472337,FR941212-2-00065,0.1
39472337,FR940203-2-00039,0.0
39472337,FT921-6003,0.84
39472337,FT941-1761,0.0
39472337,FR940407-2-00084,0.0
39472337,FT932-12511,0.29
39472337,FBIS4-49234,0.0
39472337,FR940119-1-00019,0.0
32537048,FR940407-2-00084,0.5
32537048,FT941-15415,0.59
32537048,LA122390-0061,0.94
32537048,FT924-8995,0.05
32537048,LA051389-0024,0.5
32537048,FT921-6003,0.92
32537048,FT921-6098,0.56
32537048,FR940617-2-00145,0.74
36826029,FT921-6003,0.52
36826029,FBIS3-44609,0.0
36826029,FBIS4-45625,0.25
36826029,FBIS3-3779,0.21
36826029,FBIS3-60340,0.19
36826029,FR940407-2-00084,0.08
36826029,FR941013-0-00029,0.22
36826029,FR941207-0-00114,0.18
31756422,LA011589-0122,0.73
31756422,FR940407-2-00084,0.04
31756422,FBIS3-37947,0.07
31756422,FT921-6003,0.85
31756422,FR940224-2-00100,0.79
31756422,FBIS3-26834,0.03
31756422,FR940719-1-00028,0.05
31756422,FBIS3-23561,0.06
31482589,FBIS3-36047,0.04
31482589,FBIS3-22399,0.37
31482589,FBIS4-7236,0.41
31482589,FR940407-2-00084,0.1
31482589,FBIS3-36163,0.09
31482589,FT921-6003,0.25
31482589,FBIS3-41533,0.29
34837948,FR940407-2-00084,0.0
34837948,LA080289-0011,0.5
34837948,FT942-10464,0.79
34837948,FR940314-1-00037,0.0
34837948,FT921-9483,0.0
34837948,FT921-6003,1.0
34837948,LA031589-0004,0.0
34862439,FT932-9729,0.1
34862439,FT941-5453,0.89
34862439,FT944-13865,0.07
34862439,LA061589-0085,0.07
34862439,FT921-6003,0.9
34862439,FR940407-2-00084,0.09
34862439,FR940913-2-00006,0.1
40756808,FBIS4-21346,1.0
40756808,FT921-6003,1.0
40756808,FR941104-1-00054,0.0
40756808,FT942-17238,1.0
40756808,FR940407-2-00084,0.0
40756808,FT933-9176,0.0
40756808,FT933-2396,1.0
40756808,FR940616-1-00016,0.0
32998200,FR941026-2-00037,0.0
32998200,FT921-6003,1.0
32998200,FR940513-2-00135,0.31
32998200,FR941104-1-00047,0.28
32998200,LA102090-0048,0.83
32998200,FR940407-2-00084,0.22
32998200,FR941104-1-00055,1.0
36199932,FR941103-0-00137,0.09
36199932,LA050490-0103,0.32
36199932,FR941104-1-00046,0.1
36199932,LA052489-0044,0.11
36199932,FR940304-1-00061,0.08
36199932,FT921-6003,0.94
36199932,FR940407-2-00084,0.12
36199932,FR940404-1-00046,1.0
36972337,FBIS4-25719,0.0
36972337,FR940405-1-00010,0.0
36972337,FT921-6003,1.0
36972337,FR940407-2-00084,0.9
36972337,LA092489-0103,0.59
36972337,LA091989-0120,0.0
40203221,FBIS3-26515,0.97
40203221,FT921-6003,0.98
40203221,FR940913-2-00005,0.06
40203221,FR941102-0-00085,0.01
40203221,LA071989-0024,0.99
40203221,FR940706-2-00104,0.06
40203221,FR940407-2-00084,0.5
40203221,FR940404-2-00007,0.5
40184183,FT921-6003,0.75
40184183,FT941-15145,0.05
40184183,LA050989-0070,0.3
40184183,FR940505-2-00064,0.32
40184183,FR940407-2-00084,0.05
40184183,FBIS3-35786,0.02
40184183,LA012389-0086,0.04
40184183,FT934-9827,0.07
37848749,FT921-6003,0.92
37848749,FBIS4-67515,0.01
37848749,FR941227-1-00039,0.18
37848749,LA060489-0148,1.0
37848749,FBIS4-20504,0.0
37848749,FBIS3-48902,0.81
37848749,FR940407-2-00084,0.0
37848749,FBIS4-53334,0.01
38082417,FR940616-1-00014,0.0
38082417,FR940407-2-00084,0.0
38082417,FT921-6003,0.91
38082417,LA010190-0024,0.0
38082417,FR941104-1-00045,0.8
38082417,FR941216-2-00101,0.7
38082417,FBIS3-43569,0.1
39250321,LA062189-0059,0.25
39250321,FT941-2746,0.22
39250321,LA012490-0111,0.01
39250321,FT921-6003,0.95
39250321,FBIS4-61857,0.82
39250321,FR940407-2-00084,0.59
39250321,FT922-12941,0.01
38501462,FR940407-2-00084,0.01
38501462,FR940802-2-00084,0.01
38501462,LA092189-0193,0.0
38501462,FR940419-1-00034,0.96
38501462,FT921-6003,1.0
38501462,LA030689-0010,1.0
42715117,FBIS4-66382,0.0
42715117,FT943-8480,0.4
42715117,FBIS4-51227,0.2
42715117,FT921-6003,1.0
42715117,LA050889-0063,0.98
42715117,FR940407-2-00084,0.02
42715117,FBIS3-60235,0.93
42715117,FBIS4-21360,0.9
34995867,FT921-6003,1.0
34995867,FR940124-2-00024,1.0
34995867,FR940407-2-00084,0.0
34995867,FBIS3-4051,1.0
34995867,FT934-17004,1.0
34995867,FR940816-1-00064,1.0
34995867,FR940927-0-00113,1.0
7606291,FT941-4198,0.0
7606291,FT933-5757,0.03
7606291,LA082889-0023,0.81
7606291,FT921-6003,0.71
7606291,FR940407-2-00084,0.0
7606291,FBIS3-41666,0.01
7606291,FR940526-0-00051,0.61
7606291,LA100789-0152,0.91
35444495,FBIS4-40948,0.1
35444495,FBIS3-22269,0.1
35444495,FR940804-1-00051,0.0
35444495,FR940204-0-00062,0.0
35444495,FR940407-2-00084,0.0
35444495,FT921-6003,1.0
35444495,LA041990-0069,0.0
35444495,LA100989-0033,0.5
28368127,LA040590-0148,0.19
28368127,FBIS3-60342,0.37
28368127,FR940720-1-00047,0.67
28368127,FT921-6003,0.78
28368127,FR940407-2-00084,0.07
28368127,LA071889-0158,0.6
28368127,FR940621-2-00020,0.33
28368127,LA112689-0095,0.41
41063956,FBIS4-68402,0.0
41063956,FBIS3-41458,0.9
41063956,FT921-6003,1.0
41063956,FT933-7330,0.1
41063956,FBIS4-45779,0.0
41063956,FT934-17003,0.0
41063956,FR940407-2-00084,0.0
41063956,FT934-12959,1.0
40883816,FT921-6098,0.94
40883816,LA082390-0002,0.3
40883816,LA050490-0103,0.06
40883816,FR940328-1-00056,0.76
40883816,FR941130-0-00122,0.0
40883816,FT921-6003,0.88
40883816,FR940407-2-00084,0.03
40883816,FBIS4-61857,0.12
25843282,FT941-15415,0.57
25843282,FT941-1511,0.64
25843282,LA050489-0010,0.73
25843282,FR940720-1-00047,0.71
25843282,FT921-6003,0.72
25843282,FR940407-2-00084,0.07
25843282,FR940405-1-00010,0.0
25843282,FBIS4-20472,0.0
40509109,FR940407-2-00084,0.08
40509109,FBIS3-3779,0.9
40509109,FBIS4-49234,0.9
40509109,FR940119-1-00019,0.1
40509109,LA040590-0148,0.09
40509109,FT921-6003,0.91
40509109,FR940831-1-00024,0.06
38444257,FR940407-2-00084,0.1
38444257,FBIS3-60340,0.29
38444257,FBIS4-67533,0.1
38444257,FT921-6003,0.61
38444257,FR941103-0-00137,0.04
38444257,FBIS3-40450,0.0
38444257,FBIS3-36078,0.0
22331038,FT921-6003,0.99
22331038,FBIS3-48902,0.99
22331038,FR940407-2-00084,0.92
22331038,FBIS3-37947,0.01
22331038,LA122390-0061,0.75
22331038,FBIS4-68402,0.99
22331038,FR941104-1-00046,0.31
22331038,FR940513-2-00134,0.03
39632557,FR940407-2-00084,0.08
39632557,FT921-6003,0.92
39632557,FR940616-1-00016,0.94
39632557,LA031589-0004,0.09
39632557,FBIS4-45625,0.93
39632557,FT941-15145,0.08
39632557,LA012389-0086,0.07
39632557,FR941013-0-00032,0.93
22156687,FR940617-2-00145,0.03
22156687,FT921-6003,0.9
22156687,FT941-15410,0.3
22156687,LA100989-0033,0.8
22156687,FR940407-2-00084,0.2
22156687,FR941104-1-00055,0.91
22156687,FT934-12959,0.8
20543325,FT921-6003,0.49
20543325,LA021190-0107,0.0
20543325,FR940802-2-00084,0.0
20543325,FR940407-2-00084,0.0
20543325,FT944-13865,0.0
20543325,LA051389-0024,0.0
20543325,FR940224-2-00100,0.0
27000005,FBIS3-4463,0.7
27000005,FT921-6003,0.8
27000005,FT941-1761,0.0
27000005,FR940816-1-00064,0.76
27000005,FBIS3-60342,0.15
27000005,FR940407-2-00084,0.05
27000005,FR940513-2-00150,0.37
27000005,FR940902-1-00055,0.48
11033364,FT941-469,0.77
11033364,FR940404-2-00188,0.0
11033364,FT921-6003,0.91
11033364,FR940407-2-00084,0.0
11033364,FT922-12941,0.0
11033364,LA012490-0111,0.78
11033364,FR940203-0-00069,0.95
13901063,FR940407-2-00084,0.0
13901063,FBIS4-45779,0.12
13901063,FBIS4-21346,0.0
13901063,FT921-6003,0.82
13901063,FR940127-1-00057,0.09
13901063,FR941104-2-00070,0.0
13901063,FR941212-2-00065,0.0
13901063,LA010889-0164,0.0
40423140,LA071590-0042,1.0
40423140,LA092489-0103,0.0
40423140,FT934-17003,0.0
40423140,FT921-6003,1.0
40423140,FR940407-2-00084,0.0
40423140,FBIS4-21360,1.0
40423140,FT934-9827,1.0
40423140,FR940419-1-00034,0.0
31145408,LA052489-0044,0.0
31145408,FR940407-2-00084,0.0
31145408,FR940203-0-00068,0.0
31145408,LA032289-0086,0.0
31145408,FR940304-1-00061,0.0
31145408,LA100789-0110,0.0
31145408,FT921-6003,1.0
31145408,FBIS3-36163,0.0
37540457,FR940407-2-00084,0.26
37540457,LA082889-0023,0.71
37540457,FBIS4-20504,0.86
37540457,FBIS4-2652,0.33
37540457,FBIS3-4051,0.48
37540457,FT921-6003,0.82
37540457,FBIS3-41533,0.53
36531316,FR941216-2-00101,0.0
36531316,LA092189-0193,0.0
36531316,LA071989-0024,1.0
36531316,FT933-7330,1.0
36531316,FT921-6003,1.0
36531316,FR940407-2-00084,0.0
36531316,FR940505-2-00064,1.0
36531316,LA030689-0010,1.0
29879245,FT933-9176,0.0
29879245,FT921-6003,1.0
29879245,LA112890-0007,1.0
29879245,FBIS3-59751,0.0
29879245,FR940407-2-00084,0.0
29879245,FBIS3-36047,0.0
29879245,LA021990-0093,0.0
39397009,LA091789-0067,0.0
39397009,FBIS4-66185,0.0
39397009,LA050989-0070,0.0
39397009,FR940407-2-00084,0.0
39397009,FR941103-0-00149,0.0
39397009,LA091989-0120,0.0
39397009,FT921-6003,1.0
39397009,FR941104-1-00047,0.0
40869778,FR940407-2-00084,0.1
40869778,FT921-6003,0.14
40869778,FBIS3-22399,0.09
40869778,FR940419-1-00035,0.1
40869778,FT941-15416,0.5
40869778,LA062189-0059,0.88
40869778,FR940616-1-00014,0.1
40869778,LA010190-0024,0.5
38785661,FT921-6003,0.22
38785661,FT944-8277,0.2
38785661,FR940414-2-00005,0.4
38785661,FR940513-2-00135,0.08
38785661,FR940407-2-00084,0.1
38785661,FR940124-2-00024,0.03
38785661,FT942-17238,0.99
38785661,FT932-9729,0.2
13295135,FT921-6003,0.9
13295135,FBIS3-43569,0.0
13295135,FT934-17004,0.8
13295135,FR940407-2-00084,0.0
13295135,LA060489-0148,0.0
13295135,FBIS3-41666,0.9
13295135,LA071889-0158,0.9
32532818,FT933-13637,0.5
32532818,FR940913-2-00006,0.0
32532818,FR940407-2-00084,0.1
32532818,FT932-12511,1.0
32532818,FBIS4-67534,0.75
32532818,FR940428-2-00145,0.2
32532818,FT921-6003,1.0
32532818,FR940404-1-00046,0.6
38366313,FR941207-0-00114,0.08
38366313,FR940722-2-00011,0.09
38366313,FT921-9502,0.92
38366313,FT921-6003,0.91
38366313,FR940526-0-00051,0.09
38366313,FR941116-2-00005,0.1
38366313,FR940407-2-00084,0.11
38366313,FT933-2396,0.91
33573267,FT921-6003,0.4
33573267,FR941103-0-00145,0.96
33573267,FR940407-2-00084,0.24
33573267,FBIS4-53334,0.06
33573267,FBIS3-60235,0.97
33573267,FBIS4-51227,0.24
33573267,FR941104-1-00054,0.3
37862400,FR940810-2-00084,0.0
37862400,FT921-6003,0.4
37862400,FR940719-1-00028,0.0
37862400,FR941227-1-00039,0.28
37862400,LA121990-0130,0.0
37862400,FR940407-2-00084,0.0
38248988,FR940119-1-00055,0.0
38248988,FBIS4-25719,0.0
38248988,FR940407-2-00084,0.1
38248988,FT921-6003,0.8
38248988,FT941-5453,0.9
38248988,FR940124-2-00026,0.2
38248988,FBIS3-44609,0.0
38248988,FBIS3-22269,0.6
24425089,FR940407-2-00084,0.01
24425089,FR940203-2-00041,0.01
24425089,FR941104-1-00045,0.96
24425089,FR940114-2-00084,0.1
24425089,FR940804-1-00051,0.87
24425089,FT921-6003,0.86
24425089,FT921-9483,0.04
24425089,FR941026-2-00037,0.84
41290202,FBIS3-26834,0.05
41290202,FBIS3-41458,0.15
41290202,LA102090-0048,0.2
41290202,LA022689-0070,0.33
41290202,FT921-6003,1.0
41290202,FR940407-2-00084,0.0
41290202,FR940418-1-00038,0.08
40953763,FR940407-2-00084,0.0
40953763,LA111190-0042,0.0
40953763,LA041990-0069,0.0
40953763,LA062290-0170,0.95
40953763,FR940314-1-00037,0.0
40953763,FT921-6003,0.96
40953763,FR940203-2-00039,0.0
42110876,LA112689-0095,0.1
42110876,LA030190-0146,0.7
42110876,FT921-6003,0.91
42110876,FR940407-2-00084,0.02
42110876,FBIS3-35786,0.0
42110876,FT942-10464,0.92
42110876,LA050889-0063,0.75
42110876,FBIS4-41505,0.75
34733393,FR940407-2-00084,0.1
34733393,FT921-6003,0.8
34733393,FBIS3-23561,0.1
34733393,FR940706-2-00104,0.1
34733393,FR940328-1-00016,0.71
34733393,FBIS4-67515,0.1
34733393,FT924-8995,0.2
34733393,FT933-5757,0.8
36522920,LA012589-0100,0.05
36522920,FBIS4-66382,0.0
36522920,FR940621-2-00020,0.15
36522920,FR940407-2-00084,0.1
36522920,LA030189-0109,0.01
36522920,FT921-6003,0.88
36522920,FR941013-0-00029,0.75
42306890,LA080289-0011,0.0
42306890,FR940407-2-00084,0.2
42306890,LA061589-0085,0.1
42306890,FT921-6003,1.0
42306890,FR941221-0-00054,0.0
42306890,FT943-8480,0.0
42306890,FT941-4198,0.0
41473993,FR940407-2-00084,0.0
41473993,FT921-6003,0.8
41473993,FBIS4-40948,0.21
41473993,FR940913-2-00005,0.11
41473993,FR940404-2-00007,0.09
41473993,FR940603-0-00118,0.76
41473993,FT941-2746,0.2
41473993,FR940204-0-00062,0.11
39942537,LA030390-0100,0.02
39942537,LA100789-0152,0.82
39942537,FR940927-0-00113,0.01
39942537,FT921-6003,0.87
39942537,FBIS3-26515,0.26
39942537,FR940407-2-00084,0.0
39226056,FT921-6003,0.9
39226056,FT921-6846,0.8
39226056,FBIS4-7236,0.6
39226056,FR940407-2-00084,0.3
39226056,LA011589-0122,1.0
39226056,FR941102-0-00085,0.5
39226056,FR940902-1-00085,0.4
